minute,avg_price,median_price,std_price,p25_price,p75_price,avg_volume,count,avg_winners,avg_losers,avg_small_drop,avg_medium_drop,avg_big_drop
0,-0.00024540350847867393,0.0,0.0052268008059448865,-0.0024267169346326167,0.0021065057486654992,726972.7267846821,6178,-0.0001701473068896565,-0.0005779831081325948,-6.488689828228485e-05,-0.0002534935381833759,-0.001075741613343658
1,-0.00017325249527326886,0.0,0.006322126505025193,-0.0031904563739770797,0.0027681660899654403,204139.27823016126,6105,-7.763728340006455e-05,-0.0005914848788982267,-7.567815168184825e-05,-0.0003142655481534294,-0.0004528762498414479
2,7.8226042611703e-05,0.0,0.0070190879138003195,-0.003205868792730604,0.0035311701211538926,187203.43641961456,6095,0.00023257040823104465,-0.0005977287166143987,0.00012629191677141865,-9.765698836997168e-05,0.00010009622464493546
3,0.00019952775488539835,0.0,0.007940564956791758,-0.00356941917278758,0.003888691594802318,176321.30576397234,6083,0.00040888618517347975,-0.0007181291523861657,0.00010245411648724087,-0.0001939353083105053,0.0012727748888439175
4,0.00011255376329279078,0.0,0.008290154398122852,-0.003796909679357946,0.004009170028141884,163141.092689482,6066,0.00033608542901140807,-0.0008876899177838377,1.635483745122519e-05,-0.00028388076880466834,0.001186760652450721
5,8.882023024268575e-06,0.0,0.00887552763974664,-0.004281345565749106,0.004285528764988555,170263.3396503679,6053,0.00026020888703043456,-0.0011470820545323062,-0.00010354707832920634,-0.0003346932355636329,0.0010714937596644617
6,3.001800231237289e-05,0.0,0.009520543700082604,-0.004659810656295393,0.004546304238645771,158105.51763959945,6043,0.00029563303426969034,-0.0011933388007192426,-6.125679780896827e-05,-0.000335680346551577,0.0010333511344095283
7,-2.6829172995258845e-05,0.0,0.009758486798102822,-0.004703668861712029,0.004761455779747292,149865.32043098783,6053,0.00023762658593791812,-0.001220252019547073,-1.376568442886814e-05,-0.0005409461032129669,0.0006674782679891187
8,-0.0001781891088566905,0.0,0.010102254318754037,-0.0049170251997542325,0.00467570961035757,145757.83327589295,6029,9.809368136636165e-05,-0.0014428026574447217,-0.00010947129707407093,-0.0006733722517302476,0.00020827925837572746
9,-0.0003205522921829877,-0.00011147989498488942,0.010561972554187867,-0.005109211345520004,0.004764035059785676,144144.48986338833,6000,-3.5221871305686336e-06,-0.0017896072860174366,-0.00020453744423888577,-0.0008493465557234206,-0.000103311446828514
10,-0.0004517384617057768,-0.0001868874974810808,0.011001781809049338,-0.005273552214446836,0.004911238785930583,153942.3490929522,6020,-6.76914373053815e-05,-0.002192657509814922,-0.0003402029189463782,-0.001100774809634791,-4.5400921605088345e-05
11,-0.0003540271111935516,0.0,0.011283307120118906,-0.005351818945445841,0.005134444089581969,141957.26728291347,6016,0.0001098629631410984,-0.002495891179900222,-0.00027393209857796394,-0.0012472470594258268,0.0005795892751106499
12,-0.0003219449520279669,0.0,0.01164967994523073,-0.0054857802800634126,0.005274493428860438,137022.97025354844,6021,0.00018435585366535927,-0.0026540400039505785,-0.0003222428186257904,-0.0009771902916670117,0.0006442585098069736
13,-0.0005417975390201883,-7.344463713970795e-05,0.01185984309673769,-0.005792854373646489,0.00514990301714463,134233.54997638596,6016,-1.5306496861522712e-05,-0.0029507746244115986,-0.00043446392189254207,-0.0012401360511749549,-3.3089908258748364e-05
14,-0.0006268363502733457,-0.0001817603489798758,0.012054502170467168,-0.0058541019202061895,0.005120800492553035,137437.67943546208,5995,-0.00012128337671800026,-0.0029432480661633407,-0.00045122349302394285,-0.0012809260355533013,-0.0005274618285210176
15,-0.00078551914195101,-0.00029819679411619004,0.012146975841655864,-0.00627406528447258,0.005092608666515397,156935.57628501218,6102,-0.00037879672186048023,-0.0026853210781731317,-0.00042444245550133064,-0.0013475482425067277,-0.001673161619620583
16,-0.0007590336430194993,-0.00019157088122612187,0.01239335662049166,-0.006398171950871223,0.005416666666666625,137225.03045828498,6105,-0.00033758367508954934,-0.0027199466882491274,-0.0003720430842040345,-0.0014559726866242722,-0.0015717561409382872
17,-0.0006911552684379693,-0.00018225132457660997,0.012464813991650683,-0.0064901691432275865,0.005429191541678646,130939.02734321216,6107,-0.00019003469834969996,-0.003074429911854941,-0.0003378683539626212,-0.0013864447990321069,-0.0013374721141393218
18,-0.0005763743840703607,-0.00021176470588224472,0.012532390439359956,-0.00650843597980949,0.005522409539080675,128009.04976359024,6111,-5.5546328999265385e-05,-0.003038470644406448,-0.0003460935805104075,-0.00121390503680059,-0.0007502266955217434
19,-0.0007252825491794909,-0.00029588668740160307,0.012787708332795305,-0.006731940488362481,0.005555452301389485,127629.72694699082,6140,-0.00020139830049287373,-0.0030811201330227123,-0.00036337903908352536,-0.0014199639990978585,-0.001412957128379249
20,-0.000606814460033276,-0.00023299366217727213,0.012983747974140862,-0.006779176018049171,0.0055221135369196706,130681.3778429272,6206,-7.038965329677058e-05,-0.0030112486202638665,-0.00040390331233195945,-0.0012637920044066453,-0.0006267042032203417
21,-0.0004823279608889784,-0.00012358946802781823,0.013127756240664472,-0.006705195825384314,0.005730659025787732,126734.1584228976,6157,8.404927654206924e-05,-0.003026730965084122,-0.0003074744347651122,-0.0012896191927480058,-0.0001742014337868046
22,-0.00025509605285613224,-5.845467797538362e-05,0.01341452191120998,-0.006513914733347281,0.006137861514535825,124084.61835789461,6132,0.0003280084738504552,-0.0028730631087500766,-0.00024199919581313568,-0.001146631691462119,0.0009022023959101354
23,4.6163093907880216e-05,0.0001473142165527852,0.01356448251285481,-0.006308717305109679,0.006350286391111903,123565.81937961387,6158,0.0006407362650665034,-0.002590845012951856,-0.00012900834924164982,-0.000945720752702439,0.0021774003874992258
24,0.00015269956867867098,0.00011869436201794592,0.014063725632052985,-0.006498215082552439,0.006442953020134423,116889.95942736289,6181,0.0007765943176672218,-0.0026180301924544616,-0.00018063550983667687,-0.0009179171292236762,0.003130958424810853
25,0.0004831572445326381,0.00026198585276393516,0.014154304817042315,-0.006100142211138748,0.0066762016414525505,119510.79679393776,6203,0.001069699599407988,-0.0021218111262865697,6.569580827151337e-05,-0.0005141286001243629,0.003724651477696237
26,0.0005275544073436978,0.00024634586960092797,0.014282319675698697,-0.006102180707927618,0.0068131297775089195,112769.88382724232,6163,0.0010611401939606179,-0.0018516048927710727,0.00016041245004810818,-0.0003825044020312472,0.0034377732483748384
27,0.0004987083472759268,0.0002624761697030964,0.014370817948650482,-0.00615913018919842,0.006970759155059347,106277.38034567493,6162,0.001056406723887591,-0.001995580306912652,0.00016322178806133178,-0.0004763578164149634,0.0033484066821792453
28,0.0006850932731915881,0.00031024794113088117,0.014464878073681619,-0.006180095595599927,0.007282018341440211,106940.004810378,6210,0.0012331534982054028,-0.001741893702262944,0.00028037368351383016,-0.00024672159825175097,0.0038060437416184215
29,0.0005784770304991881,0.0002590673575129099,0.014517238768988519,-0.0062392629556809465,0.0072579757175473825,106551.46748220148,6191,0.0011228838336305236,-0.001873047293646008,0.00025966888755809864,-0.00024265501029509395,0.003155608466988476
30,0.000780953109480628,0.00033958599696659597,0.014801187514706543,-0.006275443371776268,0.007322685940834295,132702.81338119452,6276,0.0013509946509750147,-0.0017708035291460762,0.00033589863018011296,-1.999067315286429e-05,0.003925759505011327
31,0.0007869964651049557,0.00027658838667654617,0.014859928414603731,-0.006438843992738891,0.007443817139857423,114498.5669897916,6262,0.0013569952991240503,-0.0017850229214988115,0.0002332577633491376,6.463071926286603e-05,0.004304620618296893
32,0.0008091977198613947,0.0002934703114086945,0.014867514463507243,-0.006433280155426935,0.007591418226173319,106260.62076550703,6274,0.0013874120579142053,-0.001748038898821607,0.0003116244124185866,0.00019400982935144362,0.003947395191688856
33,0.0006820913327916483,0.00014791368052247122,0.014988748599850643,-0.006659766528680028,0.007523915821293525,101927.96085184599,6240,0.0012447721363801937,-0.0018163684167083194,0.00014588068772649075,4.4293047351396713e-05,0.003981810796798534
34,0.0006874799239602965,0.00019007004576998554,0.014995079910797371,-0.006586597307221498,0.007571657715591096,101628.06965519862,6262,0.0013253424284023585,-0.0021540086193469372,0.00014382194270119532,9.539926928449658e-05,0.003985190701476545
35,0.0010198037533057935,0.0003530657879251553,0.015230761120035572,-0.006480041472265441,0.007845404244776644,104896.06412686122,6245,0.0016847336384515359,-0.0019738453331212924,0.00033229437122115105,0.00043178558767926193,0.004980932619895801
36,0.0010273073489981577,0.00033520945204812413,0.015418618662674135,-0.006664214497788257,0.0077974750943650695,101363.5297105448,6256,0.0016496571086337475,-0.0017507097876808808,0.00043564423878348664,0.0002817364615452662,0.004741445089508724
37,0.0010463558207331179,0.0004634831460674782,0.01559781934726239,-0.0068438721510873934,0.008062222031897215,99267.33441624962,6267,0.001695102691535408,-0.0018433626168353064,0.0004756226712692754,0.00013501497603542274,0.0048739905114168845
38,0.0010783767429287103,0.00043679410866903634,0.015672355625211763,-0.006598298479165904,0.00804783937030712,100237.73206084587,6278,0.0017145686302201051,-0.001752456255557132,0.0004670209753031523,0.00025408811931261016,0.004994286300766225
39,0.0009453789413952739,0.00046475282470570534,0.015752577154730368,-0.006892410769106322,0.008097437370714,95972.6181391574,6242,0.0016134003043064443,-0.0019968069227857856,0.0003903953776122612,4.598847039452894e-05,0.004728107265211297
40,0.0010377698119017095,0.0003839659797272299,0.016059707761885894,-0.006912082622456711,0.008129636459514145,98872.5795736429,6264,0.0016956344048887275,-0.0019096707661267404,0.0004180706227670171,0.00013291550324313092,0.005081024690334984
41,0.0012098746949241288,0.0004805382027872618,0.016523755568941697,-0.006828707480331098,0.008239885601411867,100219.69580762865,6247,0.0018668242523834117,-0.0017080571809337853,0.0004175521649872184,0.0003844826828702473,0.005949978072476707
42,0.0012558263520456882,0.00045155812710295784,0.016951130024924363,-0.0068469818776399904,0.008302402813049614,97026.52722108293,6237,0.001911922124809809,-0.0016966046253928532,0.0004221646214053758,0.00042624253273754577,0.006161997433240059
43,0.001406690063819182,0.0004317789291881091,0.017661869570950863,-0.007041299932295186,0.008316008316008316,93971.43577899107,6265,0.002077693378256403,-0.0016359424565043647,0.0004375362983444685,0.0006831854487958606,0.006809527564464304
44,0.0014432520714256541,0.0005760148051329184,0.017620935898998255,-0.007072474777580495,0.008507410444288599,96704.39014366633,6256,0.0021645173971156337,-0.0017728612045567161,0.0005020537843345952,0.000734124858260343,0.0067249431437208865
45,0.0014625924959048055,0.00039175386502088294,0.018008961438715727,-0.0072659834212365215,0.008398501965600769,101010.51599596681,6247,0.002148487792922015,-0.0015709461658162738,0.0004342186576324493,0.0007070418602831386,0.007177545872286229
46,0.0015676245865887208,0.0003985651654045963,0.01841862612698887,-0.007268387936645748,0.008334684076241938,97228.68151180906,6253,0.002259255095001887,-0.0015145368501181188,0.00043521197841865633,0.0008969557381264537,0.007669861133316425
47,0.0016171780709699852,0.00039827647278689593,0.018538692105291202,-0.007277473112127564,0.008489252333009067,92275.93387986759,6228,0.002277655025672802,-0.00133063486370364,0.00043962029853577883,0.0009225047098879124,0.007932670360811257
48,0.001472736962882113,0.0004122340425531945,0.01779065878516598,-0.007140744903731622,0.008394027752445132,90619.88912529076,6243,0.002056928715713602,-0.0011144705129185594,0.0004902967236983568,0.0008600316887644398,0.006794080975738429
49,0.0014539817588617983,0.0005468963631392043,0.017652699998237792,-0.007197068830149145,0.008617021276595693,89297.36340632213,6241,0.002082696832180571,-0.00135924244201457,0.0005271927243640865,0.0008913433250161534,0.006380269345527943
50,0.0011664330600878875,0.00042778181224700784,0.01717548539197678,-0.007213648991750615,0.00846154258036702,94799.38752306122,6308,0.00179852603596446,-0.0016746817095315495,0.00042092637009804744,0.0006119189476763928,0.0053321447019331805
51,0.001208747973586594,0.00043215211754521476,0.017220915531302252,-0.007407407407407307,0.008573843738678866,89606.05737945564,6265,0.0019123828095652658,-0.0019545226706157693,0.00037273633748157874,0.0006441076190049444,0.005783251376061619
52,0.0012216004755694991,0.0005777675063554089,0.016974028497037788,-0.007229218984319663,0.008700744661973014,90747.3681975652,6295,0.001926518348010716,-0.0019054833851649834,0.0004244743017077344,0.0006198086063856768,0.005719252639805116
53,0.0010740772680618653,0.0004545712839268967,0.01677568422629096,-0.0072970973686310725,0.0086840815711417,88837.41753807395,6236,0.0017738565631452705,-0.0020675375250062385,0.0003718281656558092,0.0005515343545198765,0.004988441586657821
54,0.0010339184048002285,0.0005097971215535235,0.016747329627235415,-0.00718903098555701,0.008607784431137633,86665.3985324514,6281,0.0018033029747083725,-0.0023879411567686907,0.00036852648862434963,0.0004259733146932188,0.004928007688596933
55,0.0011259271293362122,0.0004123033700714762,0.016852735602440987,-0.007094122595274671,0.008664156009424162,91551.10288047107,6350,0.0019498134244070647,-0.002548619914973772,0.00031650919795592837,0.000511857759650826,0.005625230910903549
56,0.0012342379077354196,0.00045689221912548206,0.01709954397005207,-0.0072175641801365265,0.00877192982456143,89522.42053319004,6329,0.002062260031597778,-0.002478946226569351,0.0003950555246363625,0.000517602307394721,0.006057505591943736
57,0.0010674033614444442,0.0004215709869115347,0.01706329557145998,-0.007389292939730341,0.008573648563376335,87296.3931595795,6478,0.0018799379184740385,-0.002484571916051427,0.0003059823261785521,0.00031888871516886524,0.005655265352645177
58,0.0010254549089364195,0.0004003202562048447,0.016801177390088656,-0.007318501170960223,0.008603311735061014,85674.54810512863,6545,0.0018853845048663344,-0.002773753910167849,0.00037304724909689214,0.00012359923835951798,0.005346015755516998
59,0.0007705231867213406,0.00019654216356690402,0.016517920309489616,-0.007476138182764047,0.00825398366765634,79584.91320060432,6896,0.0016151415703355907,-0.002924599952192755,0.00025410313924597894,-0.00019080775914409668,0.004679224222037081
60,0.0007781269206830266,0.00028003360403250355,0.016226376782983096,-0.007233832972111054,0.00789411834507514,394268.4132599265,7471,0.0016309212504590385,-0.002913462799296014,0.00026064879883227446,-0.0002898729676021073,0.0050400910515257455
61,0.0008552240034570898,0.0003176620076237313,0.01679538497959791,-0.0075869068764273795,0.008289374529012905,158107.07691223538,7453,0.0017693736377450977,-0.0031041293839634307,0.00025578792687062723,-0.00032055517674114774,0.00570171187254687
62,0.000839570811199054,0.0003524450581278149,0.016937181117051593,-0.007713400090352651,0.008441777933982153,147639.00388906233,7468,0.0017866373790217413,-0.0032761350823238776,0.00024651648477629214,-0.00036559483733907694,0.00570971876328424
63,0.0008993540213932059,0.00019446934441191832,0.017222889275437046,-0.007830737427015871,0.008620942140672883,138352.4079072404,7478,0.0018230789724695603,-0.003103893341474074,0.00022966047651869188,-0.00035987425846516354,0.006264949710582506
64,0.0008357382498027407,0.00029751584029125144,0.017351419073198152,-0.008090769076624621,0.008716267295589664,134776.85980663053,7476,0.0018088568888881412,-0.0033801837286599723,0.00013434267936215168,-0.00045994598973816975,0.0064070764436825614
65,0.0007160935469307877,0.00022946305644788723,0.017432485726632724,-0.008159618689663861,0.008593550582830067,139925.52995861723,7481,0.0016803799512594456,-0.003472353327871047,0.0001155432050619253,-0.0007145341162269961,0.005952079268032866
66,0.0006392624742468463,6.177770556159423e-05,0.017471418469686445,-0.008444754870782889,0.008660636131066046,131331.4277141563,7476,0.0016064342176156101,-0.003547219348617376,4.758412525913949e-05,-0.0006522226310163019,0.005635111167486302
67,0.0006185445350380716,0.0001493428912784367,0.017454762837563146,-0.008411623334061757,0.008765807962529237,126057.82838208605,7477,0.0015914443003145979,-0.003593424940578194,0.00010517016215714891,-0.0007059314194392491,0.005245591733280409
68,0.0007369022000786362,0.0001149161112388164,0.017617538703018666,-0.008349267049075904,0.00894219259746043,125233.14574773399,7481,0.0017541895795205938,-0.003681758195911753,0.00018087555777501638,-0.0005096105032930499,0.005479262188423435
69,0.0009024453452641947,0.00025445292620873694,0.01811614814447024,-0.008397217137131652,0.009140428715264881,122793.37993180628,7475,0.00195880082634675,-0.0036773570759316945,0.00025110411491337855,-0.0004781712335131094,0.006325031214297647
70,0.0008085453460179814,0.00021898609438286698,0.01792279367794167,-0.008516098453167587,0.009018093636219082,130961.87214890809,7471,0.0018927430220579459,-0.0038806289221292056,0.00018678758048484246,-0.000548174980738073,0.006042461373471177
71,0.0009087646270911189,0.000178584929128478,0.018121363282354367,-0.00862190465822446,0.009149428374317758,121277.31656054224,7472,0.0020204110572821306,-0.0038999183271706413,0.00021307387045531876,-0.0004735884471262245,0.006579577328291233
72,0.0008035049117201254,0.0001629302952346201,0.018297289395606472,-0.00883700472892296,0.009220531234067408,120785.47754074022,7475,0.0019779720223215536,-0.00428389791472957,8.351923914002111e-05,-0.0005126042242919096,0.006488259571745434
73,0.0007978118570955076,0.00018535117941886892,0.018430273040061434,-0.00897747492290793,0.00945625028044439,120633.53420975256,7472,0.001977295401470218,-0.004313283501861572,2.9753499506584456e-05,-0.0005348184404992253,0.0067697548840557125
74,0.0007752216252114781,9.907177586987448e-05,0.0185648834433246,-0.008980704469453066,0.009456967341704536,118474.33113167722,7476,0.0019662892492569375,-0.004389472033658018,7.48196330591453e-06,-0.000590027841212576,0.0067962428765014375
75,0.000905833083275036,0.0002546019571548763,0.018621230957285677,-0.008964394158473027,0.009514580235863934,127831.02801870996,7484,0.0021475914066875906,-0.004476299749705537,0.00013341483904880742,-0.00039312536601942286,0.006854690915429558
76,0.0008167784468064993,0.00019054878048785362,0.01877352606805773,-0.008949546929186702,0.009517177344475547,123402.40695662616,7485,0.002069002159114627,-0.0046116068833845425,1.4654919234166415e-05,-0.000568846840847309,0.007042141131080219
77,0.0007010855316015266,0.00019430890798388667,0.018638490786224902,-0.009126812061346412,0.009503682392665525,117016.6105926239,7475,0.001965534670081797,-0.004790546323585124,-3.645829188165299e-05,-0.0006900782197934339,0.0065993200985060944
78,0.000636382689540363,0.00019623791534906232,0.018773139217025298,-0.009167929165093097,0.009468782669342313,116008.02160829803,7470,0.0018895676113605665,-0.0047922963186872,-6.721526832457137e-05,-0.0007947654566540189,0.006403616463057755
79,0.0004613889409789893,-9.611228434319719e-05,0.01886169748160773,-0.009421564568242835,0.009443133310217067,113678.11951578746,7472,0.0017458408558024224,-0.0050996831866802405,-0.00022842249697423695,-0.0009414162754495411,0.006131169109992313
80,0.00040430775267071185,-0.00017581644762854065,0.01893858505518011,-0.009481084081028657,0.009285714285714342,118860.29599622321,7473,0.0017048044176967915,-0.005232106058919834,-0.000307683826792646,-0.0009078678471853761,0.00605967784728928
81,0.00036176755277165227,-9.605809587742709e-05,0.01883528610131141,-0.009561396550398477,0.009235806018011328,115401.25283087777,7474,0.001672115843366724,-0.005318278963134037,-0.0002985293323004648,-0.0008801314142379209,0.005647441180760231
82,0.00031192544801069945,-0.00011614365684059491,0.018846071372486756,-0.009723784273282937,0.009198991464714978,110277.51228226113,7468,0.0016281884084688213,-0.005378120778060939,-0.00030362757000391787,-0.0009346459682038286,0.00535209909143612
83,0.000372652501437506,-0.00016628293681253403,0.019219561095622777,-0.00981873111782483,0.00935859392832672,107890.73965986996,7461,0.001709657477056447,-0.005405459586490571,-0.0003283180729385127,-0.000843334727665674,0.005810944716005115
84,0.0004278748451865652,-0.00014553723835986077,0.01946395548282929,-0.009869282101729798,0.009329520557053383,108268.99595726613,7474,0.0017382808145191535,-0.005257415053189251,-0.00025640194822682406,-0.0007792600822579655,0.005779860659911113
85,0.00046881973322559524,-0.00012991339107260025,0.019595869884807483,-0.009776560956246683,0.009395818127029831,109308.27567464068,7471,0.0018194084096810122,-0.005387911591603574,-0.000252652638672432,-0.0007230893370183467,0.005983513769063186
86,0.0002750236370208447,-0.00015540334385122367,0.019481793027408986,-0.009881788204912256,0.009259397310047768,105315.75911717144,7464,0.001638188932604909,-0.005645036383242947,-0.00033908567675775605,-0.0009892617761093634,0.005341369715115672
87,5.4311231573652726e-05,-0.0001994415636218383,0.01950011851355492,-0.0101444482126124,0.009315177070243763,102451.87969464755,7475,0.0014101192859711903,-0.005834101733772622,-0.0004843279901527283,-0.001267434840480978,0.004808893015640232
88,9.908633392398553e-05,-0.00031924403013672276,0.019677762598440552,-0.010200833564333378,0.009391505130488809,102105.3046146882,7471,0.0014987239452929602,-0.005965010954448374,-0.000461902483223451,-0.0012404807040138207,0.004993023783668601
89,5.4341258871454845e-05,-0.0004364035087719431,0.019870599007121525,-0.010186452466961482,0.009485372449397733,101966.45795031406,7481,0.0014885046149738107,-0.006175049718598849,-0.0005209140610232709,-0.001351894793128055,0.005128728995464169
90,0.00014473096806156123,-0.00038983315141105646,0.01976581166437287,-0.010131977099219869,0.009473726111313585,121883.64423766387,7483,0.0016169160474074006,-0.006223910250631686,-0.00041614428223808194,-0.0012922523969276897,0.00517809294861862
91,0.0002063178625242303,-0.0002544529262086259,0.019972493448509064,-0.010216118676242891,0.00949472913693128,108992.61920008641,7483,0.0017182658321909616,-0.006357327784522923,-0.0004415984319924369,-0.0012334009816909798,0.005707054343281565
92,0.0003498730291775771,-9.466823824888504e-05,0.020257374435715493,-0.010258570828332647,0.009701656776836098,104863.36478550888,7482,0.0018797792973179117,-0.006273182738455582,-0.0003540132462690883,-0.001079219055589416,0.006129554370947694
93,0.0002779506057940922,-0.00021505376344088667,0.020343934943841988,-0.01038099571349893,0.009655584312164178,103843.8091929149,7457,0.001807300317255882,-0.00633285728329413,-0.0004241188321380164,-0.001066988586336739,0.0059213574300873255
94,0.00018239112685667234,-0.00022925415421343187,0.020173775959114352,-0.010462746664784889,0.009685164307723593,99598.17270895638,7474,0.001723256224854322,-0.00648517267210536,-0.00044078016149824934,-0.0010886055525134186,0.005312473670124211
95,0.00011824181372356285,-0.0003254972875225137,0.020075891879578256,-0.010554821880070953,0.009737835549579188,104613.56561365187,7475,0.001640665296341007,-0.00647639285812789,-0.00042894103506681215,-0.0011516971786974522,0.004836652927801785
96,0.00011830186108768724,-0.00037074836944950285,0.02009884155303442,-0.010559115997711255,0.009622191863312035,104254.70724834237,7474,0.0016471790583119518,-0.006514841064583871,-0.00040763977239403995,-0.0011903438656115629,0.0047882153500097314
97,8.567132770556243e-05,-0.0003408702256255114,0.020218314569795996,-0.010506781475320054,0.009765677827438035,97341.5734894995,7468,0.001646309792141611,-0.006678581673864397,-0.0004664113903343397,-0.001199669948815375,0.0048506830058911545
98,0.00016967991106482634,-0.0001855631842642147,0.020264472158513937,-0.010536345003352543,0.009810640379261049,97526.67799809179,7463,0.0017003311357862703,-0.006453309185481493,-0.0003460219427391575,-0.001069748165870886,0.004664122744275245
99,0.0002693510440546361,-0.00020894274968652482,0.020359044270802592,-0.010443258859037352,0.009854083416583448,94039.1735445192,7471,0.0018024299111713232,-0.0063670652501901384,-0.0003325690746524794,-0.000960577683634402,0.005207502303908528
100,0.00025670844727195463,-0.00025176075673544185,0.02068703184878204,-0.010588556462172327,0.009939714124717114,100632.35581845859,7476,0.0018323180875308841,-0.006557466578121365,-0.0004217372954587068,-0.0010169704079612712,0.005667376533076871
101,0.00019286539588367078,-0.00026647383150030235,0.0208281088184569,-0.010769005248372931,0.009972167376733176,97346.18490744146,7464,0.0017699104981005861,-0.006620014407777572,-0.00046087495965915895,-0.001113008540906686,0.005520191945140516
102,0.0002498911236645729,-0.00026245516048711837,0.020990128017268874,-0.010995878085652278,0.010132270110301655,96313.14697948418,7462,0.0018238500839061352,-0.006571347744058509,-0.0004041827095848892,-0.0011316136071381467,0.005688614881905157
103,0.00031803127524597367,-0.00021155961750030094,0.02104805987242792,-0.010918087460217718,0.010325491623916827,93818.47902515906,7459,0.0018817838088074075,-0.006455621586356806,-0.00030333841610537916,-0.0009780362337668518,0.005456244211224599
104,0.0002954115661666453,-0.00012227181023405365,0.020864249263709778,-0.010726953855445476,0.010572182998109247,94083.91182935167,7475,0.001853078294455538,-0.006463749415515514,-0.00021287112177756178,-0.0009400682163239985,0.004758233499208084
105,0.00015767670173380717,-0.00018488560203366866,0.02109637542715008,-0.01096994349048619,0.010390170295322187,102501.67313544493,7469,0.0017134617189934725,-0.006586651348086843,-0.00026561314566242683,-0.001171240612798894,0.004314814417430948
106,0.00018628640182639927,-0.000169001147661052,0.021427609111388992,-0.011145863059497774,0.010421763045892762,97607.65928365683,7466,0.0017160404671889787,-0.006430281823821733,-0.00023517805293622062,-0.0012421836295131645,0.004473624511814076
107,0.0001246643814005195,-0.0002913752913752399,0.021496405179025336,-0.011201137110655901,0.010481906819267306,93521.75433664436,7471,0.0016362512995292105,-0.006430224318570396,-0.0002886915697754372,-0.0012532279201332955,0.004297303535262607
108,0.00022474521873250164,-0.0002514638790098722,0.02162752418924243,-0.011108527871449725,0.010633632192968201,91676.04491691937,7479,0.001762856571481437,-0.006453954005096626,-0.00021896586373592477,-0.0011543104260655556,0.0045696379054623515
109,0.0001813521971430135,-0.00019653564290467163,0.021816964646246797,-0.01113336475023552,0.010648322653599607,91137.89816744217,7473,0.0017167474151752724,-0.006473123009061037,-0.0003086467669259928,-0.0012125403440758939,0.004784000425422094
110,0.00034215563234814945,-0.00014651178508945373,0.02203734941229184,-0.011089121040912725,0.010728263054548548,99208.25067147746,7468,0.00189338217534924,-0.006393141303286056,-0.00027491527561972537,-0.0009657798228224695,0.00547634852036541
111,0.00013225958582699864,-0.00038058991436729084,0.022070598031064412,-0.011278685947815115,0.010651057909130124,93815.28289974603,7461,0.0016706140020538583,-0.006521864441535436,-0.00036345264614231397,-0.0012500751582233236,0.004745557338243164
112,0.00011447513532519626,-0.0003345712469469131,0.022064441842044855,-0.011300079899554838,0.010621393326085249,92639.57521150721,7465,0.0016563307469088682,-0.00656506363914264,-0.0003549657550699663,-0.0012419336169215362,0.004548011461293387
113,4.279260166940236e-05,-0.00033738621669898716,0.02212348531295449,-0.011431810821486088,0.010663917025515168,92677.35449126476,7466,0.0016168395985947848,-0.006777328172151575,-0.00042603297461567784,-0.0013152770143561477,0.004474617971601803
114,6.922591805912912e-06,-0.00040461141009551227,0.022358217789194303,-0.011428444871924598,0.010634268781932965,90469.93244939929,7462,0.0015447270838237497,-0.006669372500597939,-0.00042142699966013676,-0.0013831027491114124,0.00427464772765359
115,-7.520129963921768e-06,-0.00032782585890378524,0.022259726380261125,-0.01139456800964106,0.01059723454847361,92273.94894649097,7455,0.0015575727576161403,-0.006800426867677098,-0.00040846291263383445,-0.0014384961283587666,0.004171336378285834
116,-0.00014546239104234245,-0.0005143961215143822,0.02218205182730294,-0.011366361993370211,0.010505597862531635,92677.57742802476,7450,0.0013998410971034338,-0.006852854950700174,-0.0004752357011721096,-0.001606186315667733,0.0037046616943811395
117,-0.00012451487512893755,-0.000466853408029988,0.022083664507011422,-0.011404817736090367,0.01075681905493675,88525.86596471125,7457,0.001406407638608172,-0.006753770477859036,-0.00043722676926679537,-0.0015213385032463646,0.003559491520736428
118,-0.0001717391381717694,-0.0004755462002201116,0.022126117065785305,-0.011555281868874862,0.010584921276484693,87660.41893907393,7472,0.0013597447184591862,-0.006819845972567619,-0.00047378048454864343,-0.0016554065125528453,0.003568250142770233
119,-0.0002870119499887724,-0.0005983246908656259,0.022280845299919545,-0.011573373676248111,0.010507983377078034,88561.17567246906,7461,0.001284726040506626,-0.007103497955978472,-0.0005635676399659301,-0.0018847725995628885,0.003495139295791831
120,-0.00016445536711518638,-0.000525762355415238,0.022329939165964978,-0.011616225040813721,0.010524405733986608,95824.34059180261,7469,0.001438740890352789,-0.007108206181045003,-0.0005119084659127967,-0.001770400699731486,0.003993380116516634
121,-0.00033424882034697805,-0.0005863457910569858,0.022318809289929464,-0.011706827603202186,0.010395297209376486,90033.39852241114,7459,0.0012851972407654736,-0.007342980023404367,-0.0005900081312852109,-0.001943570488562958,0.003341593502501793
122,-0.00032603689293271,-0.0005836680024229879,0.02242564532936627,-0.01176968700210243,0.01060916098684983,85512.28526270155,7470,0.0013543511491043827,-0.007598928932220213,-0.0006159005489154669,-0.0019600863818853152,0.003569951971327845
123,-0.00023990245614505015,-0.0004261512330869799,0.02235847484554335,-0.011655055440747769,0.01077868859472253,85459.22828227161,7464,0.0014146748158720853,-0.0074065857257964145,-0.0004669900228340728,-0.0017705766568979525,0.0031806935836949895
124,-0.0002809722098506107,-0.00038763163791188937,0.022164012380452992,-0.011614114856182689,0.01060358890701485,85937.69740468824,7457,0.0013343768175718867,-0.00726352303788105,-0.00046865304110216613,-0.0017634179138003982,0.002860252859686959
125,-6.16094491380129e-05,-0.00031385800851974066,0.02215555628513599,-0.011618157526720713,0.010724102549945214,90679.29392200177,7466,0.0015225817145142415,-0.006937769664475552,-0.0003598626496263658,-0.0014966941459161193,0.0035993858473729466
126,6.842817742655182e-05,-0.00024257013056228072,0.02229677991053225,-0.011505358383840536,0.010903150568344788,86390.23681714812,7456,0.0016419271405989492,-0.006738078766124905,-0.00029077598498908645,-0.0013642296549550448,0.004037303016704518
127,0.00016107318304435286,-0.00016760244699565163,0.022456260561768845,-0.011284802515955983,0.010874818753020765,84931.40662979915,7449,0.0017441228530476792,-0.006721158548140244,-0.0002917986990098099,-0.0013678086431795284,0.00476493757214457
128,8.630223487640048e-05,-0.00010370331770032104,0.022558221690497985,-0.011389464942787253,0.010933056280198472,83729.21429970593,7464,0.0016731102744936127,-0.0067989463833768235,-0.00029753565357766684,-0.0014654496792163392,0.004363348176839506
129,2.029958400031179e-07,-0.0001848770567574043,0.02252594405603162,-0.011502269913330587,0.010769074469165751,81607.00104380853,7457,0.001581257192701942,-0.006834104082101397,-0.0003565693343848313,-0.0014591056260890279,0.003989956412090644
130,-9.743540607938831e-06,-0.00028401022436796985,0.022596927154206022,-0.011517275913870861,0.01079380445304956,84267.41006953789,7461,0.0015650109621659042,-0.006839311888474755,-0.0003194007004237135,-0.001453012049554805,0.0037149070491194394
131,-2.9997334418750624e-05,-0.00019503672222132007,0.022577453832833702,-0.011538279241296107,0.01083817516418023,82736.91014210142,7458,0.0015509105523072214,-0.006858797735283577,-0.0002940770458538489,-0.0015336643022411634,0.003543327973130301
132,-0.0001744662304640763,-0.00022316830323421133,0.0224072262989967,-0.011670394271633577,0.010819560450684884,80304.15569779521,7459,0.0013583554170942655,-0.006796649339779965,-0.0003277301583371042,-0.0017078595885987834,0.0028740059138709522
133,-9.348284378389984e-05,-0.00016733601070950677,0.02249101126107833,-0.011569610489780224,0.010967052372322206,78135.3188298308,7461,0.0014564139601122403,-0.006821166608154834,-0.0002757587011332092,-0.0016569151661673224,0.003132498650326855
134,-0.000131195668506748,-0.00018275332309136694,0.02264670145716078,-0.011634193959833117,0.010984826748534293,77542.71263886563,7450,0.0014152317744492433,-0.006837550782873203,-0.00024228190533687402,-0.001813310863260351,0.002899425704900561
135,-0.00025390428156015686,-0.00027938820868145253,0.02250582202992221,-0.011782770336891929,0.01073354362021861,82322.78247964128,7458,0.0012385785699621408,-0.006706415795957414,-0.0003323955438386239,-0.001846195070281814,0.002474689781326934
136,-0.0002958200671970628,-0.00044274913153052875,0.022602779381490405,-0.01194720895140483,0.01077186342928882,78822.38567960486,7455,0.0012123642531981632,-0.006812984860682216,-0.000344280163718522,-0.0019050120260662906,0.002293637858707392
137,-0.00024090979524540938,-0.0002619515389652438,0.022647782887991293,-0.011930585683297301,0.010843373493975905,76840.69324513755,7449,0.0012837398477882332,-0.006840090760908193,-0.0003281224720467619,-0.0018777490900378454,0.0026003811544720043
138,-0.00015547861626207383,-0.00018198194919577526,0.022702707715590686,-0.01184266659728428,0.010826438834163787,76815.84669320766,7446,0.001387557970864522,-0.006825058489281749,-0.00027793367344246267,-0.0018143308007743512,0.002893700417629082
139,-7.113852537290707e-05,-0.00016148816072925065,0.02282772489492168,-0.011544186200181078,0.010905303870190342,75329.06340050355,7454,0.001480755659416099,-0.00677607464280892,-0.00018742855166933801,-0.0018236264742630744,0.0030761812517752824
140,-4.357204493186839e-05,-0.00025999184124253505,0.022805511021960285,-0.011718904168999345,0.010822633721793318,80135.24431007197,7452,0.0015071568224136228,-0.006776736739922291,-0.0002424869593559361,-0.0018423901053027595,0.003614602921432793
141,4.248734535652506e-07,-0.00023361756804107792,0.02278474376510535,-0.011835205992509423,0.010972264553489763,79493.30802273392,7461,0.0015335554103488359,-0.006654481050478376,-0.00016614571065474114,-0.0018004868397195675,0.0034945396557162388
142,2.04994413650545e-05,-0.00018968133535657294,0.022847226904413005,-0.011699014296418009,0.010917567087627478,78261.26907218758,7455,0.0016083984674488125,-0.006853207850960349,-0.00016416896740400488,-0.0017767898908490854,0.0036031153354142624
143,-9.858476567321875e-05,-0.00025330884681151744,0.02284356272825735,-0.011759773962726205,0.010948864176291706,77240.37498480553,7447,0.001496958116883738,-0.0070023321881246,-0.00020203979445671498,-0.0019177798412477569,0.003098207160427314
144,-1.5426490894582248e-05,-0.00018504811250918962,0.022718974598591585,-0.011690409353256548,0.010897163120567432,73798.03572940937,7447,0.0016041713312048406,-0.007029432807073186,-0.00017786628040335377,-0.0018749688127669816,0.003525660593731033
145,6.0069998205669446e-05,-0.00022875407985134544,0.022733044621560665,-0.011739670187543377,0.010981748339023822,76665.66118134471,7464,0.0016836268716598592,-0.0069722506308130495,-0.00018908084554707355,-0.0016626080445660556,0.00387914225917597
146,0.00018245106232453874,-0.00011211329343341347,0.02276032699843492,-0.011631944444444486,0.011017897091722517,75182.23126149499,7453,0.0017783972352257828,-0.006705616193185752,-9.578012634921945e-05,-0.0014852320245133692,0.004058864535300927
147,0.00015982681125192575,-0.00017167381974247942,0.02273746867647742,-0.011681508643268779,0.010915754210041095,73636.92747144194,7457,0.00176234007216087,-0.006767239789793448,-9.108701820476314e-05,-0.001516503695077188,0.003912781820972961
148,0.0001917776013682323,0.0,0.022660662623093207,-0.011617700829379962,0.011055078526115536,75714.37496747737,7459,0.0017870134755425143,-0.006700050993406109,-9.095422033115524e-05,-0.0013400209642993814,0.0039016481535666383
149,0.0002505889008443191,-5.361355350641528e-05,0.022910167213903845,-0.011690209449586098,0.01101023758933728,73343.87147425083,7457,0.0018661689657537264,-0.0067329606159946325,-0.00016107579322807212,-0.0012715991978176763,0.004623993502513675
150,0.0002842733048202429,0.0,0.022730940332937124,-0.011686968780919404,0.011196792351938711,80747.33734916984,7466,0.0018901385253727915,-0.006661494667669525,-4.896037991993324e-05,-0.0012668484866484126,0.00428303015444056
151,0.00019657535466372078,0.0,0.02277508238203269,-0.011718271928603058,0.011181262379541423,76696.91204254645,7458,0.0018275447219267926,-0.006854660517936155,-9.978217344813742e-05,-0.0012898352612925941,0.003919886125860113
152,0.00019810460283614236,0.0,0.0229542962781474,-0.011894463667820099,0.011145002346316213,74452.27548345455,7465,0.0018552253307438152,-0.0069807791219924555,-0.00011886712097940785,-0.0014032309041322637,0.004189648503577104
153,0.00026595181823687973,0.0,0.023062513024163993,-0.011991004880215428,0.011398543146821094,73600.28952724571,7448,0.0019860446440118076,-0.007197648091738488,-0.00011205503553062346,-0.001380645751310583,0.004635755837485754
154,0.00032830638650249613,2.0217540738221018e-05,0.023216783046802972,-0.011770221681701165,0.011325826394117722,74093.93659329614,7451,0.0020404673729253493,-0.007104558799000586,-6.367212015854366e-05,-0.0012438948789815227,0.004676293387432652
155,0.00025503585774885965,0.0,0.023243401247910998,-0.011807343285026306,0.011299015068573226,75644.23779002922,7451,0.0019445588975828972,-0.007060188004994652,-6.159069438311738e-05,-0.0013431744787519072,0.004245000982749209
156,0.0002921730598571341,5.6359926149163186e-05,0.02330541023610619,-0.011870088476122365,0.011354129317557193,73780.54919481678,7457,0.0019596244987551024,-0.0068966328943091074,-9.868401556439158e-06,-0.001415304836990029,0.004352170442620376
157,0.00034331839590331654,2.422832776072248e-05,0.023290198110409607,-0.011691884456671242,0.011470121357980423,72818.53441651234,7457,0.001958748285624891,-0.0066580333221389005,1.061095557094375e-05,-0.0012920233559565466,0.004477787539630761
158,0.00023311986313524785,-8.79765888071593e-05,0.023320429827241626,-0.011892065320399492,0.011384922252514362,72521.80087854688,7440,0.001860050496597359,-0.006779752439132911,-0.00010377314462433456,-0.0014591356141951607,0.004448498518367735
159,0.00015569515831507225,-0.00018167395921298013,0.02329303212071327,-0.011842431929872832,0.011325733563316676,71793.93857321645,7443,0.0017463313690026588,-0.006722270430816875,-7.751081055198937e-05,-0.0015757356140051902,0.003907734762895222
160,0.00024407868834034295,-0.00015015092185133305,0.023168206917793383,-0.011915964791121475,0.011328546396018824,73734.23571184433,7454,0.0018398426033997411,-0.006656460412923655,-9.945031695059163e-05,-0.0014354518819368555,0.004508321339254574
161,0.00028355876019914284,-0.0001745184939345723,0.023182747926006112,-0.011866516157541696,0.011442983008178365,71558.97009066147,7444,0.001886220960955832,-0.006629280411230316,-5.931002433135779e-05,-0.0014754644246800551,0.004646490483359499
162,0.0002926502577469132,-6.129191322234995e-05,0.023232652334755834,-0.01190199586312915,0.011604351367515364,70205.71940447287,7440,0.0019274585719380832,-0.006772808851225224,-1.1221722916756139e-05,-0.0015094171766087722,0.004522169485839156
163,0.00031911569823884307,-6.107671142902005e-05,0.023225511247693863,-0.011793997335420248,0.011593742821490782,69033.75866739727,7448,0.001974921643128211,-0.0068528827072912675,-5.877005460974151e-06,-0.0013702890981528494,0.004476467064250819
164,0.00022635804562283279,-8.700102354142203e-05,0.023108927648502777,-0.011804986685422347,0.011652331672755478,70975.23770445959,7447,0.001857062310231693,-0.006823319861706964,3.3788980851365565e-05,-0.0013883829372052033,0.0035787617652478557
165,0.00032038138933009335,0.0,0.023177112540087145,-0.011735263917754701,0.011647980004356628,73810.71830950289,7455,0.0019310377052945353,-0.006664125383835684,0.0001522062995088109,-0.0013168524014348254,0.0035877355329654147
166,0.00025285571224405775,3.919647755812328e-05,0.023153122728184247,-0.011646635432056879,0.011526224419871445,70829.55727589541,7454,0.0018650517092042925,-0.006718740406039699,0.0001517593945054715,-0.0013472637676735734,0.0031137745208421413
167,0.00016799852608495426,-1.6099811997905e-05,0.023285141358892335,-0.011714653787885276,0.011600547678342621,70460.7977858815,7443,0.0017785823792474266,-0.006814661792142023,0.00012152813679587422,-0.0015036662479259884,0.0028505532463265755
168,0.00020555999154492328,7.313019223664785e-05,0.023225712011455662,-0.011678679867224706,0.011714442396831226,71108.71512168505,7446,0.0018333478712338998,-0.006848964845216043,0.00016778933557348139,-0.0014228613008316151,0.002774830215577355
169,0.0002425113607208325,8.969924371227123e-05,0.023191468519925436,-0.01157496293561211,0.011656946455033457,72156.40278528197,7455,0.0018361810791479682,-0.006686636532670036,0.0002198022978390328,-0.0013569769737848277,0.002696336569107971
170,0.0003394021434513672,0.0002546797402265266,0.023220417989869863,-0.011480833157202885,0.011737734824751378,72027.03974616206,7467,0.001955404814359138,-0.00665750877855187,0.0002801754968677854,-0.0012329832159163135,0.0029418783730701783
171,0.00027479264107834763,8.796622097095863e-05,0.023243320906142204,-0.01165132213705633,0.011745948202482315,68330.93547966775,7443,0.0018875761500429737,-0.006711240223326448,0.0002289156172732735,-0.0012792711142408009,0.0027774338487980676
172,0.0002604465037590656,8.57824036608612e-05,0.02338754972987853,-0.011703022766145238,0.012014072807848108,68649.61198829669,7440,0.0018597926612300068,-0.006657841849567275,0.00022367629337660889,-0.001266054520769315,0.0026752558021540867
173,0.0002661903989806138,8.943343916301139e-05,0.02343473945736146,-0.011799646813292708,0.012018906144497077,67600.24538191079,7457,0.0018770070771328268,-0.006709025781323965,0.00021882175175763827,-0.0012182808901949303,0.002676403231572801
174,0.0002843017660869352,0.000124125511704265,0.023473788251750543,-0.011770171389653528,0.011985354076154475,67657.40534438056,7442,0.0019263815571307467,-0.0068274564120297445,0.00018361966796202908,-0.0011764167892664198,0.002942925131091522
175,0.00033969738710592975,0.0002116793881157264,0.023639247374005,-0.011781816645622112,0.012061109382888513,73187.46798745406,7454,0.0020129809722067085,-0.006915190712361084,0.00017735654764620325,-0.0011877430805377468,0.003416393666380229
176,0.0003249300752076697,0.0002567937787298913,0.023871909590791822,-0.011815822568894935,0.012019716123005009,69916.2906314432,7452,0.001987055768607788,-0.006866525837695057,0.00014448564875045526,-0.0012346597926045963,0.0035354824923275532
177,0.0002891780589103987,0.00023033932008653668,0.023791261607699194,-0.01187518475837765,0.012044339121548953,67631.74243697445,7448,0.0019382733833461865,-0.006872674949794234,0.00014909718943169166,-0.001264556103140555,0.003278127916350976
178,0.00030560819068672213,0.00013434841021053856,0.023779126424584917,-0.011897644385985728,0.012026321760834957,67843.62817451743,7449,0.0019549901108435537,-0.006846045650795586,0.00015213249506111157,-0.0011641229286708384,0.0032558779763339945
179,0.00026541470201769853,0.00012956724540025277,0.023652777312242263,-0.011804892464477024,0.011887417772821651,65230.213032731044,7443,0.0019417937154261914,-0.0069833057100383384,0.0001027011216215296,-0.0012184769616525564,0.0032763434894114373
180,0.0003111215286975808,0.00010875119712638881,0.023573356655839497,-0.011830128602162593,0.011874435687406593,71336.38748715374,7458,0.0020041776177419555,-0.007008536380896837,0.00014271527308299585,-0.0011483203057662352,0.003319517502842158
181,0.0002669660185800852,0.0,0.023479214880252983,-0.011870530798206602,0.011863289529461585,69101.41126582447,7451,0.0019331408727815919,-0.006947165878760201,9.521617356079035e-05,-0.0011703032056360097,0.0032664896571850378
182,0.0002856216480752025,0.00011918951132283695,0.02345890367111524,-0.011872665857418141,0.011884368038799331,70310.86783526586,7443,0.0019363353863269407,-0.006877339185988473,0.00015334576103742822,-0.001059810744810133,0.002935898141814583
183,0.00033350866657400063,0.00011541513559398808,0.02338987217434649,-0.011819724528759373,0.011964196300560614,67736.66835007218,7438,0.0020085337067231573,-0.00695465783905341,0.00016845627054346162,-0.0009581992401690515,0.0030796427609975255
184,0.00038468321352944264,0.00015561780267647762,0.023497056683599794,-0.011958228859559772,0.012005548348386519,67085.52089681066,7437,0.0020886079147909545,-0.006988819021657372,0.00020343606800877473,-0.0009733535992238672,0.0033012245965662666
185,0.0002844153547180605,8.933889219764346e-05,0.023728441348970734,-0.012088708578265384,0.011986393264243222,69525.90144832864,7451,0.0020154494158234337,-0.007197361147959521,7.177999886342561e-05,-0.001025250901497273,0.0033042429884215575
186,0.00027662938353297266,2.9094634282356147e-05,0.023703345449667342,-0.012163664313122574,0.012020007309682945,70743.0817542667,7432,0.0019993422696763037,-0.007178580432701643,0.00012271376769148085,-0.001111994135948875,0.003105255048598259
187,0.0002104539471018136,-7.33479714271068e-05,0.02379558664529232,-0.01236828316434277,0.012060953679752517,65814.20249030089,7444,0.0019251398393823852,-0.007192090005000883,0.00014440148628792172,-0.0011429689883904381,0.002526219169263562
188,0.0002364973096275888,-3.5123115662005766e-05,0.023888107696826946,-0.012382292504243636,0.012157823951856883,67526.75153398231,7446,0.0019522943426215319,-0.0071863499404062935,0.00019932666493017485,-0.001206602961826121,0.0025307336764299904
189,0.0002566422603028313,-0.00013842987479451008,0.023943446228375763,-0.01246468877095172,0.012279190194285194,64521.36825581643,7444,0.001964031215412653,-0.00710791980659842,0.0001665404042468651,-0.0011282397970477963,0.0027427477801802284
190,0.00021465759867821387,-4.0997323392522045e-05,0.02391914275602424,-0.012458675627428278,0.01231625863686775,67830.87505104451,7448,0.0018712304951891247,-0.006960662799881215,0.0001422656567581514,-0.0011061792858914007,0.002521511776198837
191,0.00012912550402274618,-0.00010920209668041636,0.02388240701794052,-0.01264902429181547,0.01213692971477498,65954.13799009196,7431,0.0018089352814292675,-0.007152060020730001,0.00011454372054304708,-0.001147576809392293,0.002071685898672236
192,0.00014067442839173932,-0.00013914656771796263,0.02382341305178729,-0.012537313432835817,0.012082616525317169,65882.90071814194,7445,0.0018150504594547578,-0.0071273667222268595,0.00011922524774486021,-0.0011656934524466522,0.002160820686590307
193,0.00017958796955574807,-0.00019403660824013347,0.02392667666386417,-0.012585295530994522,0.012115426977017396,67114.33091355403,7437,0.0018858253492486938,-0.0072234979765061075,0.00013809276582843637,-0.0011021505514581021,0.002274839025297948
194,0.00018706239417144138,-0.00017014905056833562,0.023819190950699787,-0.012547679474478546,0.012036857041903937,65494.38557812513,7435,0.001908722225133433,-0.007267292716230301,6.944001139059677e-05,-0.001128492766677131,0.0027138256669870966
195,3.210292294216515e-05,-0.00031003535490892187,0.023746225796736384,-0.012600000000000056,0.011798192247522987,70914.80923541395,7449,0.0017359671712812517,-0.0073557841080008814,-7.906969580572398e-05,-0.0011392361149193777,0.002323675732572858
196,-5.6412856992590676e-05,-0.00037091988130566467,0.023749018587231045,-0.012588911044314255,0.011889100034108147,65718.93316158048,7429,0.0016568368802653876,-0.007466985555641079,-0.00010375648234593136,-0.001247295352068293,0.001917557932550286
197,1.507942750307662e-05,-0.00034036759700484254,0.023679127680981297,-0.012606575062457437,0.011882980984857627,64245.37994321693,7435,0.0017394893436276423,-0.00743802513481627,-1.6042918000145986e-05,-0.0011270255267698396,0.0018374417388882334
198,7.587093323095892e-05,-0.00023513556655901935,0.02367792472715428,-0.012457710751907963,0.01202499999551565,62294.37192802412,7442,0.0018123344749626101,-0.0074446581307443735,5.466190216641049e-05,-0.001057036180350785,0.0018296947267874137
199,0.00012893131228173862,-0.00023247163846018548,0.023602978181519546,-0.01245232584672551,0.01203750633552958,63055.19170680459,7433,0.0018608972743126343,-0.007400759557180638,0.0001286780805417368,-0.0009287355593256187,0.0016800409388794302
200,7.112891123235327e-05,-0.0002544529262086259,0.023566027508384334,-0.012458123005980426,0.0120599289085499,65908.32302068755,7443,0.0017717100047991827,-0.007275770395070661,6.477690474011157e-05,-0.000941718593544427,0.0015812573979179343
201,9.404877986344576e-05,-0.0002701206223046926,0.023581904033671185,-0.01246026297097999,0.011874239535799802,63548.10530459948,7446,0.0017829337989776915,-0.007218811263531024,6.75667385506901e-05,-0.000860043020632584,0.0016250048459161281
202,8.373832671178247e-05,-0.0002065774252189012,0.023567368082193927,-0.012452830188679265,0.011914079485172646,62966.947571892466,7437,0.0017584566731083232,-0.007195447239293598,0.0001330228946472368,-0.0009573013269873795,0.001347189175343968
203,3.2695228465555195e-05,-0.00020715370805135525,0.02362947827781033,-0.012521734319087652,0.01198527986209974,62396.95581526584,7431,0.0017475743174243615,-0.00739393680886896,0.0001286610584603731,-0.0010273634874073425,0.001071286913304939
204,7.361487419576106e-05,-0.00020988608732430691,0.023665305913945858,-0.012512310124483172,0.012000994161942669,61028.27024810992,7444,0.0017885305730861894,-0.007342966181234518,0.0001867006493267669,-0.0009573428821271485,0.0009865635806676212
205,-1.0596024907895635e-05,-0.0002087775172374129,0.02366941049759781,-0.012580181715856703,0.011798031408689458,63221.032112584595,7438,0.0016960765110557393,-0.00739070253153375,0.00015481432017430628,-0.0009811669750500417,0.0005455450715340779
206,-7.129817180014847e-05,-0.00011371141894300774,0.023711007825711207,-0.012489236732623143,0.011796615095114427,61757.96151790626,7428,0.0016412908729721608,-0.007490878132461228,0.00012972212942680332,-0.0010247147120332032,0.0002703766224695714
207,0.00021388815226842405,-4.220504294599747e-05,0.022961050147436986,-0.01233215287553699,0.01170763022743937,61504.38701480354,7340,0.001987213646716399,-0.007343402216543914,0.00017217489750795913,-0.001194290392753995,0.0026746227336084285
208,0.00014529944124585452,-7.937137868074817e-05,0.02298464841364103,-0.012394967133102508,0.011700746300244647,61648.50108992339,7331,0.001936451731104646,-0.007496692979351389,0.00014730211154754337,-0.001362221453117715,0.002521591050159431
209,0.0001743802447966288,-7.081135747805112e-05,0.02307138373633985,-0.012504509379509365,0.011821667459752327,60272.47078739735,7342,0.0019620881555519045,-0.007453515489186427,0.00019192586525348124,-0.0013448289329835435,0.002487788873783872
210,0.0002675396029847205,-3.2787247074839154e-05,0.023269420746181078,-0.012428106138825806,0.011878754944919023,71689.23027376019,7344,0.0020475830401486136,-0.0073033747585149284,0.00017651969725774547,-0.0011387844368224464,0.0030278988594045794
211,0.0003833850542514312,6.486135884542499e-05,0.023361859424351008,-0.012433614495470202,0.01207477069546048,67043.07841348562,7333,0.0021890826314641537,-0.007316430888780567,0.0002782454103291899,-0.0010299939155957204,0.0032356591207572238
212,0.0003503072572839877,1.4202635592597268e-05,0.023348395390650784,-0.012482105294585877,0.012146989928743135,66654.92764075112,7336,0.0021704113360637204,-0.0073805783076616865,0.00022985621422278818,-0.0010725277981665693,0.003301403219083057
213,0.0002262285154009042,-2.2979105936071775e-05,0.02335890105879629,-0.012532532511892402,0.011815296432878264,62138.949257972876,7338,0.002073560658988625,-0.007706903460525585,0.00014866118640081903,-0.0012359924339485377,0.0029932623139952434
214,0.00015993039066644485,-0.00011712255558904427,0.0233824593928676,-0.012604610987050735,0.01191923811051876,60049.44979327668,7332,0.002027158552125001,-0.007758772026727131,9.829673543335795e-05,-0.0013792022271813453,0.0029509796446824665
215,7.577803490163897e-05,-0.00012278495933348843,0.023351166893529438,-0.012606473594548584,0.011842563566701658,63604.643362056704,7337,0.001952808732092587,-0.007919430855928907,6.130244961830917e-06,-0.0013856878160723222,0.0027868501385666824
216,1.3618848757169767e-05,-0.00017214516646246736,0.023319620147563957,-0.012668940019736535,0.011810026834162601,62612.40465990361,7336,0.001863978266195256,-0.007859686981889128,-1.2354793872334422e-06,-0.0014820774121442645,0.0024633474078111332
217,-7.183270268576456e-05,-0.0001779291919279391,0.023413981124631736,-0.012738338743797706,0.011739535420368041,60542.86414688256,7338,0.0017747092554427843,-0.007931540664863299,-6.631951341306885e-05,-0.0015725167056666032,0.0022892844572838635
218,-5.9798976909003425e-05,-0.0002603206282404402,0.0234359352731512,-0.01283206657639585,0.01181961305018453,61084.20583484092,7339,0.0017614132019075376,-0.007819860045644143,-3.863591474865107e-05,-0.0015099317945898093,0.002129000137385137
219,-5.573329577548053e-06,-9.550961249221723e-05,0.02349528721257229,-0.01276590778370651,0.011886428640934976,59188.2066850597,7318,0.0018092191420382864,-0.007717790404076976,-2.778977638576189e-05,-0.001423674305184539,0.0023514771409367317
220,7.54027770531773e-05,-5.8309037900827754e-05,0.02358198059777502,-0.012725514022901174,0.0119375740516392,62724.883436156015,7335,0.0018981569845752462,-0.007713562722235951,1.2859861435235634e-05,-0.0013649665145940026,0.0027185076970802696
221,-4.841635610328508e-05,-9.837920263644495e-05,0.02426177949276756,-0.01272978688791282,0.012037350692961635,63989.61924067788,7413,0.0017220828376438174,-0.007672842375847429,2.4465849580442777e-05,-0.0010648258819929246,0.0010702910079680198
222,6.74876393604275e-05,5.678189800317757e-05,0.024507290435468083,-0.012720804063673541,0.012275611426959543,64368.79444450277,7426,0.0017920977086194384,-0.0073951005512926235,0.00012729077540160952,-0.0009726774374239265,0.0012813563615283931
223,9.368165123182785e-05,1.2661206204689357e-05,0.024642575210530118,-0.012668065088168728,0.012382134733206929,61144.07627636532,7426,0.0018136317885289223,-0.007322526809159364,0.0001729723033187187,-0.000964606161582127,0.0012229706624959558
224,6.725961344868578e-05,3.609062633247451e-05,0.024681359806699006,-0.012833691125574476,0.012395240705943222,60114.036091193426,7430,0.0017450796461212547,-0.0071912664777190214,0.00020133088637518793,-0.0009026900763663776,0.0007850079697187915
225,1.9707070029230617e-05,0.0,0.024608320954852048,-0.012847155054916404,0.012375263131525871,62951.188357986444,7454,0.0016945996656680497,-0.007242157247640295,0.00014895003415456442,-0.0009151702384757074,0.0007053594978941987
226,-0.0001264434331941469,-2.7746125288274914e-05,0.0246892237715148,-0.013026159112632968,0.012232145499279923,62061.98961753242,7430,0.0015613090893688314,-0.007408648881048143,3.0351720018044906e-05,-0.0010520592728146764,0.00040500934413426477
227,-7.649202054776118e-05,-0.00011299435028255811,0.024706312166540047,-0.012960849114934503,0.012279301140051047,63597.239110685055,7443,0.0016009714909484313,-0.007336294733866286,6.14580820969639e-05,-0.0009213610979184344,0.00043258720479494143
228,-5.8989774600375806e-05,-7.390983000743478e-05,0.024596803914451383,-0.012935568866072444,0.012248029013387396,60601.47015812261,7427,0.0016355117572645313,-0.007398991384990075,8.870934823018463e-05,-0.000869563796652854,0.00035275088978923435
229,5.389396222070786e-05,-5.767567047965105e-05,0.02467271035815275,-0.012726175916096039,0.012347972306937072,59771.94693530162,7439,0.0017291693512850627,-0.007204431809467435,0.00015501307059831733,-0.0007108125140952251,0.0006408815399849341
230,-4.1742741124631894e-05,-0.00015900259857409837,0.0246994390507984,-0.012870796138224533,0.012442377155076123,61670.230675019586,7438,0.0016231229250007065,-0.007253773723486941,0.00011481043212571225,-0.0008063194783128872,0.0002558742806994584
231,-1.540191704159387e-05,-8.737587006646397e-05,0.02464343085802249,-0.012863344317805225,0.012513689607228817,62900.03927095699,7432,0.0016485616765645815,-0.007222727726363034,0.00010109583324754776,-0.0007466651716185301,0.000444503299355994
232,-0.00012998673202315342,-0.00013855350144498235,0.02475484826538186,-0.013021934793554846,0.01239199204777175,59686.692942453206,7435,0.0015543091305078697,-0.007429004885215342,5.879039785787354e-05,-0.0009303947172495743,4.870169190623445e-05
233,-0.00015250796929657925,-0.00016483516483511984,0.024823262494478023,-0.012905739737147037,0.012377660494925613,58644.89388421903,7435,0.0015112971134772191,-0.007369098285247254,5.3825003539700367e-05,-0.0009586956930545552,-5.496648267623776e-05
234,-0.00012034011781149949,-8.586363513546358e-05,0.024854281910062094,-0.013012674825174791,0.012386883905496249,57507.904593052976,7428,0.0015557327299973518,-0.007362511620664645,5.061268015035906e-05,-0.0009611690746609519,0.00020927062210993503
235,-0.00017714340538494872,-0.00019871477456434583,0.02486316697229862,-0.012960857336715786,0.01232014068638948,60668.48968036225,7432,0.0014931216439454135,-0.007399005753349179,1.1922848437504535e-05,-0.0009919283252453597,2.2552762161023177e-05
236,-0.0001762881363273618,-0.00025613113914324526,0.024959685882112646,-0.012936076515516537,0.012461675403026451,59802.610523473784,7429,0.0015076256068545988,-0.007459969517230551,-4.106889359201874e-06,-0.000902409040402754,-1.8905499955419542e-05
237,-0.00017970953903172885,-0.00023565052687651855,0.0249505793178401,-0.012947461312556557,0.012455065391722142,59021.43338664838,7432,0.0014782493089066154,-0.007342044290146909,5.1997683236172964e-05,-0.0009539382455041751,-0.0002586784697130286
238,-0.0002446994463169709,-0.0003903200624512104,0.025045096968898863,-0.013005384327254343,0.012358241805764614,59061.67159496946,7427,0.0014130107161994857,-0.007412661955492072,3.527205679697492e-05,-0.0009517074218380653,-0.0006761889641023064
239,-0.000202125250474659,-0.00039011341911465713,0.025104887243925903,-0.012938336323868371,0.012609010617429472,57918.276252046366,7436,0.0014328803205374714,-0.007276218122189034,8.391871213045532e-05,-0.000965420171834833,-0.0005878018228318032
240,-0.00015560098460482268,-0.00029036004645754954,0.02506803993036846,-0.01278804760698915,0.012726282012471835,64725.437166266645,7449,0.001453008200777762,-0.00713046588368848,0.00018261554055068506,-0.0008424108939745468,-0.0009193283497322185
241,-0.0002516026823244962,-0.0004637681159420648,0.02497293237036568,-0.01291384317521782,0.012693204386495127,63796.19361291441,7441,0.0013696298566126897,-0.007241070587521214,0.00016458758494531907,-0.000961747319043234,-0.0013892121721410203
242,-0.0002809341177063245,-0.0003409104304603616,0.025039362004878836,-0.012918381416385016,0.012665014020155352,60198.56618111152,7420,0.001336421204171384,-0.007272457194919433,0.00021175471715136486,-0.000977218997033408,-0.0018366596824210314
243,-0.00042398733673194844,-0.00041844870757584696,0.025182602954069797,-0.013088159412543543,0.012448452009477917,60509.45964299094,7424,0.0011895043200219949,-0.007391127527930207,0.00017765263427454035,-0.001135583033505157,-0.0025261771685318826
244,-0.0003617954832082302,-0.0004218232525710075,0.025181718516750436,-0.013159724623803881,0.012509307928164848,59880.30738504779,7431,0.001294411936622305,-0.007534337946276336,0.0001419567415919272,-0.0011102434332079388,-0.001903792159618567
245,-0.0002454849209188599,-0.00031578947368426924,0.025105119738732026,-0.012996616723054744,0.012672018348623748,63061.60148427227,7437,0.0014196418426232252,-0.00746382138582906,0.0001801791761345919,-0.0008208262764363828,-0.001630385991459829
246,-0.0003529474240773677,-0.00042949868802644176,0.02514778549449707,-0.01304878145278665,0.012444079912372397,60225.17146671971,7439,0.0013086535235138565,-0.007571123379597579,0.00016178042405442229,-0.0009936448649400023,-0.0021120100407659007
247,-0.00033546113550012957,-0.0005358385525400244,0.02532216862414274,-0.013166516196082834,0.012624807472739752,57020.35192388237,7427,0.001371661797754027,-0.007717085173771867,0.00011851652173171279,-0.0010355430403789973,-0.0016781871924049848
248,-0.0001806336366814723,-0.0004636317348468699,0.025279501169964778,-0.01333131848706337,0.012774823857224726,59108.5257873887,7420,0.001567872815684282,-0.007739098401355816,0.00013575349871639027,-0.000912388798382603,-0.0007566949861973716
249,-0.00020148535358459045,-0.0004658746797112645,0.025318950343859656,-0.013279374635578822,0.01283962428849561,58294.72885285982,7419,0.0015114244422419867,-0.007637659629203208,0.0001296760469391103,-0.0008788244168876923,-0.0009446455220781192
250,-0.00022899082190716154,-0.00038419670871470135,0.02528695465427119,-0.013225759344992816,0.012716615276718524,62060.167897775405,7431,0.0014504753000813089,-0.00752156837532942,0.00017668895093834848,-0.0008051622656797653,-0.0015060934926330995
251,-0.00017623092115388124,-0.000491429575810165,0.02519255886041792,-0.013196351774349913,0.012815498571713435,57873.46563987505,7422,0.0014911924925257657,-0.007380217239610678,0.00013536671785572968,-0.0007862051091481845,-0.0009122127912338687
252,-0.00010712286101296941,-0.00043351035005956273,0.025034181881661427,-0.013140619340313464,0.012764071781011244,58339.87734408604,7431,0.001610125967453794,-0.0075309027176010184,0.00015079159346100403,-0.000768983025490719,-0.00048673937204739834
253,-0.00016234915629036314,-0.0005609311457018817,0.02512233965854008,-0.013307227716200964,0.012709165653407295,57603.73144172616,7433,0.001544226974522263,-0.007555472007063282,9.816739906707676e-05,-0.0007729990299197287,-0.0006307619696042147
254,-0.00023191971788868283,-0.0006741951795043999,0.02524481384620421,-0.013351749539594837,0.012641975308641973,55752.724907067764,7425,0.0014993143084263483,-0.007702126382618109,4.1516574391159914e-05,-0.0008283300674210191,-0.0007907103243613229
255,-0.00010224289173456987,-0.0005415488296528492,0.025260842110570968,-0.01313761998453239,0.012687096511868834,60903.357401403264,7439,0.0016198863200690317,-0.007550420914438478,0.0001456412127574207,-0.0005858828443505707,-0.0006945369451462547
256,-0.00011364993020345904,-0.0005512679162072986,0.025453851242961838,-0.01330120404333296,0.012782604163248057,60124.71771856435,7439,0.001591162781497476,-0.00748044076810428,0.00015390190044997572,-0.0006182716911341611,-0.0007741030358993699
257,-0.0001375933974714599,-0.0005120327700973704,0.02540929307506128,-0.013361338736126105,0.012825352811724366,61714.95293984816,7435,0.0015623496910646916,-0.007504419938251152,0.0001131042896675541,-0.0006419320819703994,-0.000712510238798766
258,-0.00012080001310139076,-0.0005666525003542588,0.025460015905647632,-0.013417361258966642,0.012783993295621299,57206.9545685241,7423,0.0015901861762079121,-0.007514222772353346,0.00015055519578788574,-0.0006238531025526041,-0.0008016735511907368
259,-0.00016328655353663445,-0.0004716981132075748,0.025359351662117075,-0.013481032500783807,0.01281888564538658,59447.37995722374,7421,0.0015526953827968044,-0.007575836480665884,9.070286096110773e-05,-0.0006746635766201126,-0.000740038910860237
260,-0.00015612969683035565,-0.0006000812092296637,0.025409241870053174,-0.013308489974582477,0.012758949694364474,59471.98056603926,7432,0.0015583172431572756,-0.007575567816332383,0.00010428763256342418,-0.000589262940124817,-0.0008869290181241036
261,-0.00024188883406353053,-0.0007085634959654863,0.025449372282481265,-0.013517056197364208,0.012840128756343216,58687.624056529385,7423,0.0014870815443841286,-0.007713023917420154,5.035920967883746e-05,-0.0007576851398115355,-0.001016209828509843
262,-0.00024553849540996013,-0.0006565447200430063,0.02540552931305682,-0.013370975989627915,0.012888806499979921,56688.231713229005,7418,0.0015077358315405836,-0.007842220284432912,8.683370857659916e-05,-0.0007248242931973507,-0.0012776345395433487
263,-0.00021710430619412623,-0.000663525977042001,0.025473499122738174,-0.013561004053667669,0.012784876546277135,55887.80683237828,7427,0.0015148733787587268,-0.00775938636611859,7.037084494358895e-05,-0.0006618019606571806,-0.0010688815082509483
264,-0.00025300077177522107,-0.0006887382686478483,0.025410316141062286,-0.013512087435683884,0.01271704155626796,56391.70643539823,7422,0.0014990714646725071,-0.007849512387890426,5.827989404143189e-05,-0.0007393450529626001,-0.0011690618427938216
265,-0.00028763831651496344,-0.0007531764397677998,0.02544611936840113,-0.013486514161576757,0.012767512225066113,59095.5359755435,7423,0.0014679934827672373,-0.007853934161060928,4.056350394712391e-06,-0.0007285686528617648,-0.0011689508816986104
266,-0.00025188574125200566,-0.0007211253283621044,0.02543213274174569,-0.013374181074147395,0.01269980886620492,58650.37911935938,7435,0.0014929883103944285,-0.007800090897335684,3.803905279592711e-05,-0.0007804827323982058,-0.0009918780206752795
267,-0.0003348849755373886,-0.0007445329432172465,0.025449010865827192,-0.013560218702865834,0.01273484457135049,57601.39552661934,7424,0.0013973975717676353,-0.007841442680525824,-2.5297101941613708e-05,-0.0008186781720194296,-0.0012459631495789533
268,-0.00037110317860555576,-0.0006945321378960534,0.02553726819842655,-0.013484899141870121,0.012692946805741956,55146.67848839019,7429,0.0013503224004445071,-0.007797367604393059,-1.8670226127909413e-06,-0.0009181078512897481,-0.0015015977295487401
269,-0.0003465979763400398,-0.0006843072174495535,0.025548753419196376,-0.013547132531409461,0.012592574333355089,55649.82861513891,7420,0.0014068520286178567,-0.007913061321516522,-1.3717883898428518e-05,-0.000923839284411044,-0.001240628502543434
270,-0.00041163724367323287,-0.0006713662302786361,0.02561447782631404,-0.013791337430494766,0.012580090639162211,71691.10177543512,7437,0.0013613283558026464,-0.008077143486217478,-8.877627852082784e-05,-0.0009895270677649805,-0.0012576016778733158
271,-0.0005444215726754776,-0.0008071172123448878,0.025507600177394136,-0.013872704811773995,0.012511110931168135,68129.93393464547,7440,0.001219129427909706,-0.008199980008094432,-0.0001426249989186028,-0.0011193971730512255,-0.0018107682413159997
272,-0.0006296754511904152,-0.0008692433970533542,0.02555702980313799,-0.013880715749095496,0.012532814385429747,63317.99788199742,7428,0.0011494567108116312,-0.00833073963018636,-0.00018230857931573303,-0.0013070160189239497,-0.0019697616845927735
273,-0.0007350882811225934,-0.0009486746897612308,0.02554173689445924,-0.013963652482269384,0.01247570685223498,61609.17726250403,7429,0.0010263417851142725,-0.008367530405893392,-0.00027257110945781753,-0.001417168573804026,-0.002152600498549525
274,-0.0007526963654559349,-0.0009844559585492352,0.02559239391805268,-0.014049187375846928,0.012397991211550607,60764.20881231858,7429,0.001037037206646158,-0.008521503919986802,-0.00024795397321920426,-0.0014729645108317562,-0.0023428725906421708
275,-0.0007753265540247589,-0.0010206565653599342,0.025428993682789117,-0.013965716195547206,0.012380456800609063,64972.246120336924,7436,0.001020910456419187,-0.00854016213460528,-0.0003309605507604164,-0.0014537661558463111,-0.002110649006815935
276,-0.0008380206795721696,-0.001088185151286447,0.025472981162591668,-0.014238337320574113,0.012372671483639686,64881.804082338625,7436,0.0009810453820727541,-0.008736321884013203,-0.000388799552566189,-0.0015979059893231,-0.002078933077025826
277,-0.0009145101191881464,-0.0010636016951026117,0.025553185326421226,-0.014151396917218312,0.012311870270103442,62363.46977622969,7424,0.0008717521046120191,-0.008648140752166465,-0.0003948162757612021,-0.0017253218477392312,-0.0024474070185291127
278,-0.0010613554308994619,-0.0012262113494880822,0.02572063723351198,-0.014227508973853609,0.012245138038009362,59670.53309556334,7434,0.000744966208694605,-0.008867199194843186,-0.00046947549031265383,-0.0019176396251202716,-0.002903517115583999
279,-0.0010662893626755337,-0.001017432230994264,0.025672956641874026,-0.01419352190717102,0.01233208736486241,59421.57581045408,7426,0.0007017323021435425,-0.008716724572280031,-0.00043972043285798676,-0.0018945319392045202,-0.003125838033446979
280,-0.0011107451972409694,-0.001266784899923934,0.0258268365312041,-0.014279351272041274,0.012374049849743773,65032.76638439908,7429,0.0006028739673203998,-0.00852291583449065,-0.0004695573048203492,-0.0019081232741822855,-0.003292005346198174
281,-0.0011412484254418119,-0.0012076435092061022,0.025767494773345438,-0.014238410596026485,0.012440661319364832,62726.52590339343,7433,0.0005709592049473236,-0.008545687870040099,-0.0004856174986839039,-0.001977872773795013,-0.0033480545539059867
282,-0.0011527594546688002,-0.0012192484494151223,0.02586652807851767,-0.014336671346528634,0.01242123569714959,58467.86447320699,7428,0.00055739679696892,-0.00856179964033545,-0.0004731495669663429,-0.001882119572931544,-0.003631132608696947
283,-0.0011321111819958829,-0.0011632452314338515,0.0258998851493579,-0.014328142807515237,0.012452161648368765,57497.57151129701,7420,0.0005719311616640331,-0.008517928069073978,-0.0004697040692927896,-0.0018129363858377504,-0.0036082641815711708
284,-0.0010702660856076393,-0.0011856897787344,0.025978404934461,-0.01420093178793147,0.01249356494340953,57443.026417974455,7420,0.0006243675484950527,-0.008408808863173033,-0.00040113095827793484,-0.00181238082727163,-0.003474602373056134
285,-0.0010743765563869156,-0.0011566042100392693,0.026086901154955256,-0.01433317030961978,0.012482923653833966,63325.737805071374,7445,0.0006056945537155384,-0.008341465256522495,-0.0004236200417828263,-0.0018494147840673499,-0.0033533882629451666
286,-0.0009205318140516106,-0.0010496940404904342,0.02596034327673998,-0.014255055197771455,0.012620420785450726,61925.97560002612,7418,0.0007710653885710576,-0.008243494991497156,-0.0003591122963980385,-0.0016243573304089694,-0.0028158106372356034
287,-0.0010164697079047128,-0.001061946902654931,0.026000430472113163,-0.014190597204574273,0.012412723041117069,59475.0722051359,7433,0.0006697424714602453,-0.008295647463603941,-0.0004332579879243606,-0.0016362385733299121,-0.003153680760287381
288,-0.000995097423695418,-0.0010128505412420052,0.02610873412492172,-0.014273405277495321,0.012469385362707586,60208.87050098757,7423,0.0006988718497351268,-0.008295644542736215,-0.00039026292549687667,-0.0016157368928660218,-0.0032403848926148113
289,-0.001095499259833203,-0.0010964912280702066,0.026217547623088856,-0.014440864064924286,0.012456054687500107,57161.7658959295,7433,0.0006010233081929765,-0.008438584038142932,-0.00043511367710696256,-0.0017108829679015028,-0.003651738726591698
290,-0.0010084925357849556,-0.0009386733416770765,0.02615760317227569,-0.014274878361438315,0.012561174867021352,60458.14810301822,7431,0.0006767693075259082,-0.00831331020262702,-0.00036536809267958046,-0.0015350760417027847,-0.003607716896500877
291,-0.0010786421756271997,-0.001060098134691767,0.026163267941136957,-0.01433183387132142,0.012400042930956257,60500.63919823041,7430,0.0006199853348024041,-0.008440174322406466,-0.0003836281883582307,-0.0017162897288662523,-0.0037714981005568253
292,-0.0010837188805399663,-0.0010012515644557407,0.02618058544793977,-0.014407239745382494,0.012393354288280367,57718.12894004346,7417,0.0006629440532611679,-0.00863045550197772,-0.00038257509086393976,-0.0016652831167686393,-0.0038927411586542923
293,-0.0010183475498153156,-0.0009716992590792506,0.026066403873404635,-0.014381073917738352,0.012515208166414382,60407.95030901858,7421,0.0007407976126277364,-0.008637518659275919,-0.0003357127688660004,-0.0016415296999924233,-0.0036717382636620066
294,-0.0010511694954143953,-0.0010368603867488835,0.026089198052092866,-0.014388300660446607,0.012409159467982711,57414.25984929571,7429,0.0007087767942122066,-0.008697439742216588,-0.000342868875461152,-0.0015595722437704025,-0.0040102900184586
295,-0.0011642958832247421,-0.0010748560460651646,0.026097955092792755,-0.014460485166693515,0.012398365400910771,59716.89231827386,7431,0.0006012779634534281,-0.00879026051519044,-0.0003827447750722727,-0.0016987944018834226,-0.004471196339900075
296,-0.0011840555436561397,-0.0009813253117788023,0.026054145629919128,-0.014398535646714422,0.012395216158509303,58150.087617731966,7432,0.000574282211054424,-0.008813624536796804,-0.00037464373916492986,-0.0017133147340908424,-0.00463359802031517
297,-0.0012895087368962894,-0.000952551081168429,0.026093688414089176,-0.014527844419258334,0.012270920319028433,58529.667498695184,7430,0.0004786670194109544,-0.00891200193653102,-0.0004815519036445661,-0.0018253438325046686,-0.004728737900995858
298,-0.0012484858788979955,-0.0009527212099559312,0.026119388482648737,-0.014383026956179434,0.012440107182596472,58392.8206397158,7431,0.0005425115272398606,-0.00899108569697963,-0.00046940742846168163,-0.0017534496911231735,-0.004581366363636678
299,-0.0012170329284753576,-0.0010798475988672562,0.026100920008727338,-0.014604248987835744,0.012379694554078613,58861.48871998489,7427,0.0006310393671301611,-0.009194037898053939,-0.0005068398823142683,-0.0017357609885509879,-0.004158169325787875
300,-0.0011298499726841152,-0.0010673319950905702,0.02596687213469078,-0.01450337038798069,0.012349121523184015,67963.68211475697,7452,0.0007228086806621377,-0.009152736587389562,-0.00048122744890077216,-0.0016446398367845974,-0.003771702093653861
301,-0.0012108181867391116,-0.0010693387299650081,0.026086795065437565,-0.014544963314097326,0.01236786394206979,65021.6528677845,7438,0.0006636055616922665,-0.00933063375073253,-0.0005187576202980237,-0.0018250280480565713,-0.003930218084745146
302,-0.001225337189124371,-0.0011345218800649093,0.026184633985241793,-0.014673242909987616,0.012357474662162193,62924.22796336974,7437,0.0006811162410522863,-0.009482535486706712,-0.000564757494138568,-0.001893675427007533,-0.003708796609130342
303,-0.0010843896555434867,-0.0011753643629524024,0.02616964655809142,-0.014417463505144057,0.012527816252921986,62795.93446943877,7435,0.0008206014750270968,-0.009310735474752795,-0.0005147589826440453,-0.0018137954227365847,-0.002997540066201495
304,-0.0010502561735016543,-0.001202787472860678,0.026380971778375433,-0.014545522484414902,0.012623993233615516,59914.23683078822,7424,0.0008652238693251971,-0.00935066969241801,-0.0004862650220915471,-0.0018519288502858184,-0.0028130513906919003
305,-0.0009692783874709832,-0.0010574762629558254,0.026484015077251004,-0.014560931899641472,0.012663727002194092,62699.55505843079,7433,0.0009923449434044531,-0.00947480955652169,-0.0004503276490404361,-0.0018204336958968536,-0.0024401324128872316
306,-0.0010717768867448618,-0.0011738220000444,0.026380340136539396,-0.014455799513441503,0.01258724360651775,63615.52929849888,7446,0.0008992418332404685,-0.009621335506552198,-0.000516064268770921,-0.0019039579813575963,-0.002758147505521417
307,-0.001033054033475477,-0.0010037704363158872,0.02630439691594554,-0.014499770192893446,0.012752073388623608,62646.321890731146,7438,0.0009457401613610042,-0.009620140112288492,-0.0004541773387527784,-0.0019173537847902084,-0.0027624883404560874
308,-0.0009238571232870571,-0.0008862406426187741,0.026335414451995977,-0.014381964239440492,0.012751953928424431,62298.06090413869,7425,0.0010519877012781914,-0.009457072343418778,-0.0003579848380904759,-0.0019435695928857718,-0.0024017874830049102
309,-0.0008557853185414436,-0.0007599626665568682,0.02640307571327843,-0.01430386243340806,0.01278326594836554,60473.121337453886,7430,0.0011579764275773353,-0.009575344787388609,-0.00034308546099671316,-0.0018239668905405794,-0.0021182459600064324
310,-0.00098670587611327,-0.0009242571640505348,0.026445617822223585,-0.014408482604569561,0.012836892604188521,65341.02470463158,7428,0.0010401691739758457,-0.009775655446758316,-0.00039865048110466794,-0.0019459741037694323,-0.0026533479450302753
311,-0.0010169303876643532,-0.000859752821063875,0.026487653513840016,-0.014610728449175436,0.01277280265339975,61211.25585241659,7433,0.0009992826571140416,-0.009766889441907373,-0.00041036769072995394,-0.0019177945644754458,-0.0028701260709895295
312,-0.0010757737944115664,-0.0008808000000000149,0.026401756197713743,-0.014692626645033346,0.012666819824147302,64970.01031024894,7437,0.0009613998296611271,-0.009883596764632803,-0.0004901254373428243,-0.0019554139001554042,-0.0028527777582452985
313,-0.00108135844750823,-0.0009628114093153117,0.02655265346956474,-0.014681525894158498,0.01283872432699762,61782.762688965646,7423,0.0009241160869432163,-0.009824358620084283,-0.0004390826348156288,-0.0018735522693579486,-0.003283653798455533
314,-0.0010238119493112027,-0.000898847918616219,0.02647802875857048,-0.014778617424107021,0.012850494568633186,62658.80223049103,7436,0.0009886049141705363,-0.009723157288299193,-0.00043390595899300534,-0.0018592636429516616,-0.002879793110098711
315,-0.0009355530918803927,-0.0008465559717990012,0.02634101255717084,-0.014757579425890621,0.012881229650452464,66204.15773674019,7440,0.0010964846188011533,-0.009764406593462283,-0.00043752263196230863,-0.0017899665220212633,-0.002293457344869862
316,-0.0008858701165178086,-0.0008382229673093988,0.026344023066805857,-0.014602173732680579,0.012704010127040144,63602.37473081209,7429,0.0011150159638799264,-0.009540598868575108,-0.00035674200785623114,-0.0016556218169722094,-0.0025283018715045384
317,-0.0009466984632486563,-0.0007574863103424478,0.02633427158397563,-0.014579875713437968,0.012687547016235645,60015.76214194335,7442,0.001002114459343885,-0.00936462304596969,-0.0003813884489572951,-0.0016586313924229646,-0.0028631710424828374
318,-0.0010368788906229018,-0.0008851156666486171,0.026430363272502713,-0.014538804832277819,0.012653002689821835,61355.28492698304,7444,0.0009174781827408663,-0.009511363433115686,-0.00042861181777872524,-0.001818362148342201,-0.0030803417796875774
319,-0.0009779323946263034,-0.0008398132533107283,0.02644046299419622,-0.014487786369924677,0.012677999960949371,61729.8913310112,7434,0.00099104471916499,-0.009516762792625732,-0.0004120723181895299,-0.0016358383465199247,-0.0029778362357542856
320,-0.0008730980285628959,-0.0007959248646927097,0.026375568459397307,-0.014457381815914827,0.012733040439073195,63448.27356431639,7443,0.001099029838603735,-0.009378163391461386,-0.0003350029879285393,-0.0015959313713190802,-0.0026344569532978186
321,-0.0008855126499501571,-0.0008078571498895681,0.026297327211045326,-0.01448478147762755,0.012800190502779585,63646.82530199684,7440,0.0010582910940831066,-0.009316099046237898,-0.00033823096354888523,-0.0016520595765778712,-0.002623083479547313
322,-0.000878420358558851,-0.0008749397366136225,0.026306096885721948,-0.014431363984595352,0.012772404816450533,63433.97623061227,7438,0.0010962525370565603,-0.00941743178476694,-0.0003704624288579621,-0.0016140356217822758,-0.002460454320805384
323,-0.0009630717942339241,-0.0008511955047975639,0.026388483806104975,-0.014509337474791134,0.012776768315881093,60422.083048423505,7432,0.0009717940674941044,-0.009351194507066346,-0.00033602597838241355,-0.0017694071400446863,-0.003066708963518177
324,-0.0009743605988393061,-0.0009045442202991194,0.02641085459878706,-0.014676902644413514,0.012730957328061121,63554.293019634955,7432,0.0009352703805673465,-0.009238476887497344,-0.00044602740460090653,-0.0018172054257968807,-0.0025037153731399106
325,-0.0008733125792542836,-0.0009485705238478359,0.026461247886462008,-0.014624342671031298,0.012911418259851648,66454.73505007887,7446,0.0010644941334530416,-0.009286229527105599,-0.0003444956954900735,-0.0017136774487024973,-0.002420057041831165
326,-0.0008237360548299093,-0.0008221824096047436,0.026493004248753175,-0.014541940124067398,0.013001237070216387,64092.63361423142,7433,0.001168305289214074,-0.009461158680835408,-0.00031296036851373205,-0.0017290839302875679,-0.0021791029165578167
327,-0.0006193324124897638,-0.0007596379059315872,0.026641353321721475,-0.014431430169811132,0.013162657775660835,63767.95256855937,7435,0.0014020684736903858,-0.009402471848918825,-0.00019936372901311708,-0.0015648681675558373,-0.0014333579486881325
328,-0.0006083492408639004,-0.0007708119218911014,0.026615357097509777,-0.01452218832681812,0.013096909678078639,63448.3352971007,7443,0.001439929815218878,-0.009472984296752576,-0.00023250678334026754,-0.0015538672781426146,-0.0011939457850817388
329,-0.0006502907312019112,-0.0007573254998503032,0.026546005694461083,-0.014447858126189289,0.01308144982081566,63054.27489919491,7458,0.001396391664901065,-0.009545656586092481,-0.00026836090161566883,-0.0015510281428149624,-0.0013344345192731622
330,-0.0004605809368846706,-0.0007147962830593713,0.026552149785550656,-0.014424665813414173,0.013322403779989833,75587.48136299319,7455,0.0015769814530271836,-0.009296338244032854,-0.00014668559877319712,-0.0013698003273834886,-0.0007818744308480408
331,-0.00034405481464232126,-0.0006732249816352454,0.02663408047117946,-0.014241734352778423,0.01334251308337625,71640.11010806465,7448,0.0017293796561081512,-0.009324979641064017,-9.590810282885637e-05,-0.0012088550142975787,-0.00037803073426171947
332,-0.000544572149095015,-0.0007874212812036263,0.026619932236729038,-0.014523287136195051,0.013231853940487481,69285.05408694847,7442,0.0015060212422878104,-0.00939434734247718,-0.0001692590781169283,-0.0014046406795131113,-0.0012512138763017453
333,-0.0007651489343376418,-0.0008437763680114729,0.026771636246592685,-0.014689265536723006,0.013032913629335008,68229.34620725976,7437,0.001230558986550942,-0.00938609323637352,-0.00020517291612173782,-0.0015795871201325041,-0.002503023916964356
334,-0.0007004594181884333,-0.0008227060613149595,0.02688818970509707,-0.01468436426277317,0.013312571808672402,65825.60708388536,7446,0.0012812992033427863,-0.009281460063601709,-0.0001462298781259788,-0.0015448258992610815,-0.0023656075638237455
335,-0.0007559171046792307,-0.0007940108892920961,0.02688737427273616,-0.014749933028436968,0.013297920835202759,70121.52119725889,7439,0.001188502923286237,-0.00914331178245313,-0.00019865646253243145,-0.0015716790799458896,-0.0024788422482672754
336,-0.0007568847639827035,-0.0007802213270963754,0.026874844485708344,-0.014924693362193375,0.013257209562495098,72023.14496571246,7458,0.0012020669838121003,-0.009248478177170479,-0.00023615465750060691,-0.00161556483122896,-0.002232541198950879
337,-0.0007503838219224537,-0.0007790762381746363,0.02697206857033569,-0.01489941007411888,0.013296710156688984,67935.04586261213,7445,0.0012171959723138522,-0.009268581814435824,-0.00025882461308510303,-0.0015728871601529272,-0.002120746174833615
338,-0.00071798490777505,-0.000804144656967043,0.02702837938777841,-0.015086969390769173,0.013335758884279902,67920.89249010914,7428,0.0012672089555693267,-0.009318591487303633,-0.00020810208761747786,-0.001619095645864091,-0.002068825629045573
339,-0.000830314053397829,-0.0008730389692847007,0.02711739293688877,-0.015285777580859472,0.013136479888398167,65677.63681447739,7441,0.0011959290338362674,-0.009619906555911875,-0.00028143008156541734,-0.001739730001191255,-0.002380190213573865
340,-0.0006733828696594568,-0.0008383635144197932,0.02692520984402669,-0.015086993551526762,0.013162072767364918,70241.26590459126,7453,0.0013601611688386925,-0.00951215139854058,-0.0002216501416514043,-0.0016346605989813567,-0.001635664843030963
341,-0.0007423903435348616,-0.0008658536585366416,0.026937683020769123,-0.015118956254796645,0.013068478829064256,67950.5029452506,7449,0.0012950063615638457,-0.009592058241219706,-0.00027166380477159735,-0.0017337949488021082,-0.0017582222237678916
342,-0.0007127583462694892,-0.0009537632179141831,0.026858785345954934,-0.015100568563917616,0.0131234567901235,67753.83945849704,7449,0.001309965378072834,-0.00946006251515516,-0.0002258987245330842,-0.0017532904809275543,-0.0017381516923399903
343,-0.0007996090178462493,-0.0008915635796277188,0.02701734587355508,-0.015225649579259037,0.013143818953122666,67812.62771180997,7451,0.0012478107096614956,-0.009687905698697076,-0.0002755678524157075,-0.0018461354611812295,-0.0020161758804935455
344,-0.0007665290104270367,-0.0008466978782746271,0.027032725239301034,-0.015181682429069143,0.0131857960282733,65685.5185726715,7449,0.0012447242693078794,-0.009448941455706674,-0.0002089234430398137,-0.0017788369766920107,-0.0022091058667971274
345,-0.000839032953936347,-0.0009285635194644093,0.02707401863542386,-0.015297460275133012,0.013024661611190536,73865.02620609684,7464,0.0011733876858124415,-0.009578729461707213,-0.0002850438499424599,-0.0018227460566371846,-0.0023047614269912624
346,-0.0009349898654596356,-0.001010892524683893,0.02730597100562478,-0.01537009038734341,0.013066630456604278,70813.16770682206,7456,0.0010613598321431567,-0.009593460028505677,-0.00034167300985742084,-0.0020159949400569794,-0.0024593653539026696
347,-0.0009230094862210194,-0.0009771309771310355,0.02734892881565223,-0.015266875742182606,0.013130615762448894,72717.79263295981,7443,0.0010861612199563318,-0.009626057666919045,-0.0003152476278965763,-0.0020325805348173527,-0.0024926693223788683
348,-0.0008260987627958313,-0.0009918175055789735,0.027427543739035696,-0.015284522475407902,0.013273226544622485,69227.12589782178,7461,0.0011808771891227141,-0.009514871080351763,-0.00029847135100526735,-0.0019022054412640005,-0.002025649755236798
349,-0.0009605445366820864,-0.0010593292956559974,0.027451537046192506,-0.015502515471455036,0.013251677500663417,67738.52894115724,7454,0.0010496511469532518,-0.00964556557383034,-0.00038202144542908253,-0.0021003361892834123,-0.0023284102007206996
350,-0.0010042182902132975,-0.0010947121259314851,0.02748231526898948,-0.01548638132295721,0.013231729936935777,72625.97659477097,7453,0.001019297296311366,-0.00977616560015844,-0.00037135812555174453,-0.002053055636852965,-0.002783231013819368
351,-0.0009914524039305438,-0.000980969197567183,0.02742980916140862,-0.015503126981058934,0.013355621440177767,72720.9531863948,7459,0.001009789623714149,-0.00967543892617974,-0.0003075650458588174,-0.0021162332740205067,-0.002933443414668959
352,-0.0010391608178325188,-0.0010026434657047223,0.027533035142631234,-0.015513512324067669,0.013488172193626746,68925.85603307268,7458,0.0009406256142909194,-0.00962862793673027,-0.0003282193695761565,-0.00214996908772118,-0.003140826518545781
353,-0.0010624407416253323,-0.0010974115912740223,0.027440752020705138,-0.015513729435302048,0.013373410235119343,70741.20379257722,7448,0.0008826797631178386,-0.009487583314424852,-0.00030096627311031367,-0.0021685253426687334,-0.003440920765719341
354,-0.00108103101627154,-0.0009696186166774368,0.027585560457732326,-0.015424741285021137,0.01332877648667119,71085.46012834596,7453,0.0008520222915258682,-0.009438725067769906,-0.0003153320627855168,-0.0021620667567877,-0.003516440070037062
355,-0.0009085458565080149,-0.0009494437834503544,0.027419438569837567,-0.015180138592087028,0.013259555565377779,73634.90510931135,7454,0.0010057680103046816,-0.009208473624070294,-0.00019591570925142255,-0.001989336261712443,-0.003059670221646492
356,-0.0009683802440087824,-0.000829445308449972,0.02720514071055761,-0.015145105120598412,0.013286944002879109,73958.09470357928,7461,0.0009500459194350397,-0.009273795227318072,-0.00022881908967762978,-0.002045210908409646,-0.00326704258330143
357,-0.0009616753514806145,-0.0008752735229758946,0.027215853843764046,-0.01531902235883198,0.013173005721978992,71666.6366975923,7453,0.000998664284440624,-0.009444803411428561,-0.0001726510155689959,-0.0021009250216258157,-0.0034268258384352376
358,-0.0008911480474655919,-0.0008867494299467094,0.027216511068488644,-0.01534919098326648,0.013321685957632612,72526.00980649804,7453,0.0010490595507041778,-0.009301954929724807,-0.0001409392250641724,-0.0018743961538164133,-0.00338183115285759
359,-0.001007631544443465,-0.0008618297082926274,0.027140084375805194,-0.0152136330787076,0.013132493884382757,73812.68268069999,7463,0.0009382384894714352,-0.009434638698462066,-0.0001868991439202749,-0.001979484215121326,-0.00389785286240941
360,-0.0009569074422109296,-0.000992599957086171,0.027211182904403223,-0.015296223571708817,0.013257248659905574,86371.70595850458,7472,0.0010344737488082079,-0.009593812150688217,-0.00017657473654239428,-0.001906068274409321,-0.0036628460016307728
361,-0.0010476294225038247,-0.000863758871200826,0.027200177700369508,-0.015209533853429463,0.013168318576083637,85258.53329473856,7466,0.0009520921035559369,-0.009719759871828038,-0.00020625798542696442,-0.002098251351685434,-0.00392796928975945
362,-0.0011023746331796532,-0.0010075743931927672,0.02729340164716321,-0.015251783354045506,0.013205657082008215,80290.81971499203,7462,0.0008873574941659338,-0.009733086807874674,-0.00019286311080710268,-0.0021026711504131654,-0.0044122810900440795
363,-0.0011138594844566662,-0.0009972741218204906,0.027362091919042857,-0.01547838151403333,0.013300437759512396,81161.41084305757,7466,0.0009293406729474131,-0.009966753880751768,-0.00022922292288568455,-0.002113672534309954,-0.004291771496944914
364,-0.001062519341327921,-0.0009304277158566632,0.027281147491089803,-0.015327737536042857,0.013259733033898491,80710.07139447612,7462,0.0009767975697357184,-0.009900531086702365,-0.00022423290861302704,-0.002069653931976119,-0.003984762243568172
365,-0.00114600697537357,-0.0009948680568553359,0.027373331672159266,-0.015480811039510545,0.013207630029836936,82720.70956637227,7467,0.000787133954023083,-0.009523411274408923,-0.00022242471026365882,-0.0020634946304443572,-0.00464072535640745
366,-0.001197967280260371,-0.000923393284108176,0.027388379056209063,-0.015298615049211484,0.013215689404042663,79662.76868242984,7458,0.0006910657913909655,-0.009379276344688854,-0.000207647607743013,-0.002137431004834324,-0.0050226785591288865
367,-0.0012275602779782098,-0.0010037081200287012,0.027567893036580252,-0.015271310124810533,0.013080061639168694,81316.55889458329,7464,0.0006366774543741612,-0.00930947725204335,-0.00021092616910189823,-0.002131977165795302,-0.005241783429775063
368,-0.0012568462472430679,-0.0010540563281301596,0.027664816781822657,-0.01536353662422249,0.013110249302989041,80134.68334663095,7462,0.0005507186595925651,-0.009076725547978807,-0.0002013219285775593,-0.0020371154780731556,-0.005645147069706685
369,-0.0012495981466680724,-0.0010871138710973338,0.02753007752442887,-0.015174762536841468,0.013021647411326887,80081.31535158327,7462,0.0005735612459348961,-0.009143878316638926,-0.00024770233713091225,-0.0020747574834978806,-0.0052935967793471626
370,-0.0011907747032154966,-0.0009846503314388522,0.027382815878993397,-0.015118758908774094,0.01289475210249863,87941.5315094164,7464,0.000656520844437459,-0.009192203418192298,-0.00020459795226359593,-0.0020025072352009418,-0.00518905315357385
371,-0.0010982069044752228,-0.0010495626822156767,0.027294038224191883,-0.01492555051935579,0.012909884799421678,85637.03948860237,7467,0.0007486517206989637,-0.00909466973124654,-0.00018452476886041334,-0.0018932827342559926,-0.004724716421806596
372,-0.0011168447867364068,-0.001136970090725553,0.02723423881340219,-0.014948210922787197,0.012888947988298538,87287.32082718119,7469,0.0007151954476851351,-0.00905873920295379,-0.00021991524558247566,-0.0019042472644849706,-0.004670346898930128
373,-0.0011758789861137531,-0.0010735350067429539,0.02722936327833753,-0.014813159945119753,0.01276255280570504,88491.44317962305,7472,0.0006659961658391902,-0.009171381343376243,-0.0002526769651552129,-0.0020236817448448367,-0.004783556978118789
374,-0.00099046517384071,-0.0008959895015210328,0.027367302779530513,-0.01491711630988582,0.012842361241824196,88108.36480042,7468,0.0008747864754312906,-0.009089233064456621,-0.00019745964683656308,-0.0019107944356982428,-0.0038071568082686507
375,-0.000987211070958717,-0.0008218556934762589,0.027281171771387797,-0.014765597966089006,0.012966158082721058,98755.78882101123,7471,0.000831802966467741,-0.00887523551468445,-0.00012517791116042738,-0.0018299300760795897,-0.0042785483127729855
376,-0.0010767645865141803,-0.0010307273116463844,0.027482843829128707,-0.014839863095070932,0.013062008665137459,94689.90486104494,7464,0.0007396294583380062,-0.008958199691001565,-0.00017236949024981716,-0.0019244189823464763,-0.004578461252590723
377,-0.001098221081926108,-0.0010008976973581718,0.027333330580261883,-0.015010658406474114,0.013063597465659438,94723.13399309338,7470,0.0007092144714221467,-0.00893474523108604,-0.00018788962588497794,-0.0018943302784776594,-0.0047009169913879755
378,-0.0010346941800725151,-0.0009503239740821234,0.02721055658734645,-0.01471821145784813,0.013125000000000053,97938.05309504998,7469,0.0007670561092248472,-0.008838420629363304,-0.00014747660631223993,-0.0018574272723351516,-0.00448463935475871
379,-0.0009978903011101435,-0.0008403361344537785,0.02732011920214348,-0.014717102946355087,0.013211186113789575,101180.55618039223,7469,0.0008082867838820161,-0.008827667964551155,-0.00014372525442704937,-0.0018949532193967796,-0.00416436436296199
380,-0.0011360959121105231,-0.00098176748792006,0.027200510256543565,-0.014918255984734008,0.012901214065457856,159923.0609631031,7476,0.0006899208299821777,-0.009040158403007866,-0.0002782657086154522,-0.001741073536441852,-0.004751334885390003
381,-0.0011281553580245174,-0.001026315789473764,0.027190165300246028,-0.015143428952634985,0.01297749869178455,121728.1388306912,7469,0.0006865619568126836,-0.00900880544270023,-0.0003223281440851998,-0.0017189335975862597,-0.00449274108397711
382,-0.0009653873930818621,-0.0009263248599741258,0.027140883606803563,-0.01491856677524428,0.013176638176638278,121203.68656787495,7473,0.0008545897114220414,-0.008846329619503546,-0.00021161296207130155,-0.001485881443223447,-0.004160058386909461
383,-0.0008673453451459375,-0.0009327187446957486,0.027155123533697516,-0.01474850129617622,0.013257648308308667,124314.88619243383,7474,0.0009629115796601133,-0.008801071472445828,-0.0002207224366882157,-0.0013840134917358885,-0.0035048868530444094
384,-0.0005528268374841758,-0.0007456773106161441,0.027172922951364732,-0.014641029847009962,0.013623824536136309,150672.68506844214,7470,0.0012457288067074068,-0.008364579249166072,3.883869784587246e-05,-0.0009532181744164609,-0.003073628871467088
385,-0.0005801650404143201,-0.0006946741647371191,0.027318371018920054,-0.01470747900293179,0.013450519134232342,168494.03465369713,7479,0.0012489390187853605,-0.008515421622723856,-2.226045695393634e-05,-0.0010420930294851268,-0.002832235180945743
386,-0.0007219786916578975,-0.0008940265881512977,0.027245460946641327,-0.014885614548618309,0.013251874128040353,159912.46273559728,7468,0.0011359662411598696,-0.008774842871899478,-0.00012773432600986885,-0.001116130943025685,-0.003263180469420686
387,-0.0008989104673855965,-0.0009802319882372679,0.027491163494581076,-0.014961749373773037,0.01320473873419048,170822.47222103894,7481,0.0008701134103014138,-0.008569307152449317,-0.00011770816028651433,-0.0011231888861433711,-0.0046727625831145675
388,-0.0008687294859071251,-0.0010889789743077083,0.027409817680278763,-0.015001725724804488,0.013146803327262369,202490.5998615928,7478,0.0009247772172086289,-0.008634626293767572,-0.00012914760193445275,-0.00111679955266793,-0.00438902199998501
389,-0.0006137233344836497,-0.0008293347550500929,0.027653171569977705,-0.015132865107522986,0.013670886075949351,383821.5300025223,7481,0.0012363866839604722,-0.008642751822806462,-0.000104032929193268,-0.0008114417425448158,-0.003002283488236107
